Workbook
Name Manufacturer: '12-VLook'!$D$2:$D$2870
Name CommunicationType: '12-VLook'!$A$2:$A$2870
Name CorphostingDeviceTypeLookup: '12-VLook'!$N$2:$N$2870
Name Protocol: '12-VLook'!$B$2:$B$2050
Name DeviceTypesWithFirmware: '12-VLook'!$O$2:$O$2050
Name FloorNumber: '12-VLook'!$K$2:$K$2050
Name DeviceName: '12-VLook'!$P$2:$P$2870
Name ModelFromLBAM: '12-VLook'!$F$2:$F$2050
Name DeviceRiskLevel: '12-VLook'!$H$2:$H$2050
Name NetworkSwitchManufacturer: '12-VLook'!$M$2:$M$2050
Name System: '12-VLook'!$C$2:$C$2050
Name ManufacturerFromLBAM: '12-VLook'!$E$2:$E$2870
Name SwitchType: '12-VLook'!$G$2:$G$2050
Name QualifiedApproved: '12-VLook'!$I$2:$I$2050
Name NetworkSpeed: '12-VLook'!$L$2:$L$2050
Name AssetTypeAbbreviation: '12-VLook'!$J$2:$J$2870

Sheet Version Control
B2: Version Control and Governance
B4: Document Instructions
B5: Refer Instructions tab
B7: Revision History
B9: Revision Date | C9: Version | D9: Revised By | E9: Description of Changes
B10: 45119 | C10: 2 | D10: npert@ | E10: Added an option for N/A for serial relationships in the dropdown
B11: 45118 | C11: 2 | D11: npert@ | E11: b/290725624. device status column added to control panel and private network switch tabs (retired / active ) so they can be retired in LBAM
B12: 45106 | C12: 2 | D12: npert@ | E12: The total number of shares to the VLook sheet reached its maximum. A copy of the sheet has been made and the import on the VLook tab updated to conect to the new url
B13: 45098 | C13: 2 | D13: npert@ | E13: Updated field validation as per this doc for LBAM bulk upoad requirements
B14: 45078 | C14: 2 | D14: alanjackson@ | E14: Updated sheet with new menu item for Add-Ons, including a sub-menu for the ability to generate new GUIDs for one or many cells to support QR code payload asset.guid information
B15: 45044 | C15: 2 | D15: npert@ | E15: Added help text to column "Device ID & Any Other Information" to include examples of other IDs that can be stored
B16: 45030 | C16: 2 | D16: npert@ | E16: MUD File columns deleted from Tab3 (b/275347101)
B17: 45020 | C17: 2 | D17: alanjackson@ | E17: Default hide the columns related to IP Peer - Peer Comms (b/272695271) Add conditional formatting to highlight use of vague systems (b/252788003) Added asset function validation against LBAM table (b/276901321) Added Device Connection Type (b/235549300)
B18: 44994 | C18: 2 | D18: npert@ | E18: Column renamed to "Jack Label" (March 2021) Temporary device tab added (June 2021) Corphosting column added to identify corphosting status of each asset (Feb 2022) Device Owner Added (as requested by Caiti Banks Sept 2022) Serial Relationship column added Sept 2023 b/254291005) POE drop down Added (b/256110818) [UPoE+ added dropdown by approval ONLY)
B19: 44134 | C19: 2 | D19: npert@ nsass@ | E19: Merging of DBRS Audit and Appendix 6 V1.4 with fields reviewed and agreed during the Rews Enriched data for LBAM works Stronger validation of data entry (using data validation and conditional formatting) Addition of a Temporary Devices Tab to track both temporary commissioning devices and interim MDF/IDF monitoring systems Link between Tabs 3 and 4 reduced to be just Manufacturer and Model (removing the firmware) as firmware was defined as an equipment level attribute during LBAM data review Addition of a CorpHosted Field to track whether a device needed corphosting Addition of a Corphosting tab to assist in the corphosting process (still required copying and pasting into EFIM template) Generation of GUID directly in the sheet Auto creation of QR code payload Update to Instructions Script for menu item to autohide sheets depending on use (NC/Audit) Script to only offer devices for selected manufacturer
B20: 43810 | C20: 1.4 | D20: nsass@ | E20: Restructuring and Streamlining columns Alignment with DBRS Workbook for Service Now Upload Addition of Instructions Addition of Validations as per SSOT document Addition of Data Ownership
B23: Reviewer Table
B24: Name | C24: Date | D24: LGTM | E24: Comments
B25: Maryam Ahmad | D25: PENDING
B26: Jean-baptiste Marigo | D26: PENDING
B27: Richard Reid | C27: 45099 | D27: REVIEWED | E27: VaANANTAus comments to be addressed - resolved as of 29/07/2023
B28: Christopher May | C28: 45072 | D28: REVIEWED
B29: Avdoot Venkateswaran | D29: PENDING
B30: Thang Nguyen | C30: 45084 | D30: REVIEWED
B31: Clare Meredith | C31: 45058 | D31: REVIEWED
B32: Caiti Banks | C32: 45070 | D32: WAITING | E32: Approved, aware of all changes, new requirements reviewed and submitted 5/24
B33: Joe Benn | D33: PENDING
B34: Kyle Hasegawa | D34: PENDING
B35: Jason McElroy | D35: PENDING
B36: Natalie Skvortsova | D36: PENDING
B37: Trevor Pering | D37: PENDING
B38: Francesco Anselmo | D38: PENDING
B39: Samuel King | D39: PENDING
B40: Sohaib Sheikh | C40: 45103 | D40: REVIEWED
B41: Kaloyan Kaloyanov | C41: 45099 | D41: REVIEWED
B42: Ian McGrath | D42: PENDING
B43: Patrick Nehls | D43: PENDING
B44: Sean Mcnulty | D44: PENDING
B46: Approver Table
B47: Name | C47: Date | D47: LGTM | E47: Comments
B48: Mark Farrow | C48: 45072 | D48: APPROVED
B49: Alan Jackson | C49: 45054 | D49: APPROVED

Sheet Project Level Change Control
A1: Project Level Change Control
A3: Revision History
A5: Revision Date | B5: Version | C5: Revised By | D5: LDAP | E5: Description of Changes

Sheet Instructions
A1: Instruction for Appendix 6 - Digital Building Device Register
A3: General Guidance
A4: No. | B4: Description
A5: 1 | B5: The Appendix 6 - Digital Building Device Register is a critical aspect of project delivery and acts as a central data repository for all building systems data. It is to be used for corphosting/enrolling all IP devices onto the GEN network and also to upload all record data (IP and serial) to an asset database used by Google.
A6: 2 | B6: Create a copy of this template and use it for your specific project / audit with correct building code.
A7: 3 | B7: This sheet should be centrally managed by a single entity. For new construction / upgrade projects: Compliant - Design - MEP designer - Construction - General Contractor or Variable PM for India Smart Ready - Design - DBC - Construction - MSI For DBRS audits: - Surveyor conducting the audit
A8: 4 | B8: For new construction / upgrade projects: All device parameters of every device must be provided to Google at least 4-6 weeks (subject to project size) pANANTAr to the installation and commissioning on site.
A9: 5 | B9: The data populated by the System Owners / Surveyors should not have any obvious gaps or issues.
A10: 6 | B10: There should be no entries like ‘unknown’ or ‘N/A’ for fields that are expected. For a ‘unknown’ or ‘N/A’ response, provide a justification for that row item in the comments column in its respective tab.
A11: 7 | B11: There are many validation checks incorporated with cells as follows: - All cells that are mandatory to be filled are in "Yellow". Once these are filled, they would turn "White". If the entry is Not Applicable the N/A should be entered. If information for the entry could not be found then "Not Verified" should be entered. - Certain columns should not have duplicates. If there is a duplication error, the cell will highlight in "Red". - Certain cells will only take input in a certain format and will show an error message if not in the correct format such as IP address, Subnet Mask, Default Gateway, MAC address. - Cells with a dropdown should only be filled with items selectable from the list provided. - The QR Payload is automatically generated based on the information entered in other cells - The hostname is automatically generated based on the information entered in other cells - Device Type is automatically generated based on the manufacturer and model entered in the corresponding columns - Photos column will only accept URL's, N/A, or Not verified. - Datasheets and Technical manuals columns will only accept URL's, N/A, or Not verified. All datasheets should be stored on Google Drive and not a link to an external web site that is liable to change
A12: 8 | B12: A consistent format should be used throughout this device register: - A consistent font and size of text to be used - Data fields should be consistent across all cells (columns and rows)
A13: 9 | B13: On cells with dropdown, select the information as per the project / audit. In some extreme cases, the dropdowns might not show the specific information, if so, overwrite the cell with correct information and justify in the comments section.
A14: 10 | B14: When copying and pasting into this document from any source (internal or external), - Right click on the cell - Select Paste Special dropdown option - Select Paste values only (Ctrl, Shift, V) Do not use Ctrl & V as this will override any validation rules which may disrupt the sheet.
A16: Specific Guidance
A17: No. | B17: Description
A18: Project Level Change Control
A19: 1 | B19: This Tab is provided for Change Control to ensure changes made within the document are recorded
A20: 2 | B20: As a minimum the following changes should be recorded: • Issue from MSI/DBC/GC to SME/GEN Deploy for device provisioning • When Updated by SME with Provisioining information issued by Corphosting Team • Any changes of MAC address after devices provisioned that require GUTS ticket to change them • Final submission for import into SAP after PC
A21: 3 | B21: The revision date has to be recorded The revision version must be incremented The person making the change and their LDAP must be recorded In the comments a full description of the changes between the versions needs to be recorded
A23: Specific Guidance
A24: No. | B24: Description
A25: 1-Facility Questionnaire for DBRS Audits
A26: 1 | B26: This tab will be hidden from new build projects and only shown for audits.
A27: 2 | B27: To be filled out by the FM pANANTAr to Audits being carried out
A29: Tab 2 - Building
A30: 1 | B30: The Building Tab is used to capture broad building and system level information. The tab is structured in sections relating to different systems, for example BMS, LCS, EMS etc to be populated by individual Systems Owner / Surveyor
A31: =A30+1 -> 2 | B31: Row 3-23 General question about the building which should be available with: For New Construction - REWS PM and Local/Embedded PM For DBRS Audit - Surveyor POC to verify from Local FM
A32: =A31+1 -> 3 | B32: Row 25-27 General question about the Landlord which should be available with: For New Construction - REWS PM and Local/Embedded PM. PM to liaise with Landlord to obtain the information. For DBRS Audit -Surveyor POC to verify from Local FM
A33: =A32+1 -> 4 | B33: Row 29-35 General question about the FM which should be available with: For New Construction - Local FM on the project For DBRS Audit - Local FM in the building
A34: =A33+1 -> 5 | B34: Row 37-38 General question about the MDF/IDF Information which should be available with: For New Construction - GEN Deploy TPM on the project For DBRS Audit - Surveyor POC to verify from Local FM/GEN
A35: =A34+1 -> 6 | B35: Row 40-41 General question about the OT / Private Network Information which should be available with: For New Construction - System Owner on the project For DBRS Audit - Surveyor to obtain the data through the audit
A36: =A35+1 -> 7 | B36: Row 43 - 76 General question about the BMS installed in the building(s). Note: If the system does not apply to the project / audit, fill with N/A.
A37: =A36+1 -> 8 | B37: Row 78 - 110 General question about the LCS installed in the building(s). Note: If the system does not apply to the project / audit, fill with N/A.
A38: =A37+1 -> 9 | B38: Row 112 - 144 General question about the EMS installed in the building(s). Note: If the system does not apply to the project / audit, fill with N/A.
A39: =A38+1 -> 10 | B39: Row 146 - 178 General question about the Lift/Elevator installed in the building(s). Note: If the system does not apply to the project / audit, fill with N/A.
A40: =A39+1 -> 11 | B40: Row 180 - 212 General question about the Fire Alarm System installed in the building(s). Note: If the system does not apply to the project / audit, fill with N/A.
A41: =A40+1 -> 12 | B41: Row 214 - 246 General question about the Blinds/Drapes installed in the building(s). Note: If the system does not apply to the project / audit, fill with N/A.
A42: =A41+1 -> 13 | B42: Row 248 - 282 General question about the Google Food installed in the building(s). Note: If the system does not apply to the project / audit, fill with N/A.
... A45: =A44+1 -> 16 | B45: Row 350 - 384 General question about the Misc. System 3 installed in the building(s). Note: If the system does not apply to the project / audit, fill with N/A.
A46: Tab 3 - Devices Types
A47: =A45+1 -> 17 | B47: The Device Types tab should contain a catalogue of all the devices types listed in the All Devices tab. For New Construction - IP devices, Serial devices and/or any other communication type to be recorded For DBRS Audit - Only IP devices onlyto be recorded
A48: =A47+1 -> 18 | B48: A complete row of data should be entered for each device type instance. Where a device is installed multiple times and has more than one version of firmware installed, then a row should be completed for each version of the firmware
A49: =A48+1 -> 19 | B49: Relevant examples have been specified in Row 3 (expand the row using the '+'), use this as reference to populate the rest of the sheet
A50: =A49+1 -> 20 | B50: All "Yellow" cells in Columns B, G to Q should be completed The Column B 'Device Type Look-up' drop-down will populate once devices are entered in the 'All Devices' tab
A51: =A50+1 -> 21 | B51: All "Light Grey" cells (columns C - F) should auto complete, do not enter any information in these cells. Note: Columns C - F should automatically populate based on Column B, but it is the responsibility of the System Owner / Surveyor to ensure this is completed and provides the correct information. Column S should only be completed by the Controls SME for Audits. Risk Level definitions are included in the Audit MOP.
A52: =A51+1 -> 22 | B52: Columns J and K for file links to product information, user manuals, data sheets etc. should have correct links and must be completed by the individual System Owner / Surveyor
A53: =A52+1 -> 23 | B53: All document links to product documentation, user manuals, datasheets etc. should be located within the correct folders of the shared Google drive
A54: Tab 4 - All Devices
A55: =A53+1 -> 24 | B55: The All Devices tab should contain a full list of every device instance installed as a part of the project. For New Construction - IP devices, Serial devices and/or any other communication type to be recorded For DBRS Audit - Only IP devices to be recorded
A56: =A55+1 -> 25 | B56: Location Construction ID on new construction projects should reference the ID used on the Architect/MEP/GC drawings pANANTAr to Floorscope locations being available.
A57: =A56+1 -> 26 | B57: For each device instance installed in the building, the entire row of data (all relevant columns) must be entered in the tab
A58: =A57+1 -> 27 | B58: Relevant examples have been specified in Row 4 (expand the row using the '+'), use this as reference to populate the rest of the sheet
A59: =A58+1 -> 28 | B59: Column BC to link site photos, etc. should have correct links and must be completed by the individual System Owner / Surveyor
A60: =A59+1 -> 29 | B60: All site photos etc. should be located within the correct folders of the shared Google drive
A61: =A60+1 -> 30 | B61: Row 2 highlights on who should fill the a particular column. For New Construction the System Owner is the Person/Trade that is resposible for installing the device such as the Controls Contractor or Lighting Contractor. For Audits or Remediation the responsibility for completing these sections is details in the relevant MOPs.
A62: =A61+1 -> 31 | B62: Check that no duplicate data has been entered - cells highlight duplicate MAC addresses, IP addresses etc in red using conditional formatting
A63: =A62+1 -> 32 | B63: Private network equipment (switches / routers / etc.) are not classed as IP Devices and should be captured in Tab 6 only.
A64: =A63+1 -> 33 | B64: All "Dark Grey" columns are for future use and are not required to be completed by the Systems Owner / Surveyor
A65: Tab 5 - Control Panels
A66: =A64+1 -> 34 | B66: For each control panel switch installed as a part the project, a complete row of data including all columns must be entered in the tab
A67: =A66+1 -> 35 | B67: Relevant examples have been specified in Row 4 (expand the row using the '+'), use this as reference to populate the rest of the sheet
A68: =A67+1 -> 36 | B68: Check that no duplicate data has been entered wherever applicable
A69: =A68+1 -> 37 | B69: Fields requiring document links to product documentation, user manuals, site photos, etc. must be completed by the individual system owner
A70: =A69+1 -> 38 | B70: All document links to product documentation, user manuals, site photos, etc. should work correctly and the files should be located within the correct folders of the shared Google drive
A71: =A70+1 -> 39 | B71: Row 2 highlights on who should fill the a particular column
A72: Tab 6 - Private Network Switch
A73: =A71+1 -> 40 | B73: On New Construction - Private network switches / routers / modems are NOT ALLOWED. It is expected no data will be entered in Tab 6 unless the document is being used for a Digital Building Remediation Survey audit. On New Construction projects, private/shadow/temporary networks are strictly forbidden. Refer to go/deployment-guidelines for details on device deployment guidelines.
A74: =A73+1 -> 41 | B74: For each private network switch identified during the audit, a complete row of data including all columns must be entered in the tab
A75: =A74+1 -> 42 | B75: Relevant examples have been specified in Row 4 (expand the row using the '+'), use this as reference to populate the rest of the sheet
A76: =A75+1 -> 43 | B76: Fields requiring document links to product documentation, user manuals, site photos, etc. must be completed by the individual System Owner / Surveyor
A77: =A76+1 -> 44 | B77: All document links to product documentation, user manuals, site photos, etc. should work correctly and the files should be located within the correct folders of the shared Google drive
A78: =A77+1 -> 45 | B78: Row 2 highlights on who should fill the a particular column
A79: Tab 7 - Passive Discovery Tool Data (Armis / DBRS Audits / Wireshark for NC) [Not Required]
A80: =A78+1 -> 46 | B80: This tab can be used for logging and necessary output from network scanning tools (not a requirement)
A81: =A80+1 -> 47 | B81: The use of network analysis tools is discouraged. When device or network troubleshooting is required the Controls SME should issue an IoT help ticket for assistance
A82: Tab 8 - Clarifications (DBRS Audit Only)
A83: =A81+1 -> 48 | B83: This tab should only be used for DBRS Audits and does not apply to New construction / Upgrade projects
A84: =A83+1 -> 49 | B84: The Controls SME for the DBRS audit will raise any clarifications required from the Surveyor during the Audit process
A85: Tab 12- Vlook
A86: =A84+1 -> 50 | B86: DO NOT ALTER OR MODIFY THIS TAB On first load it will be necessary to grant access rights to access the VLook master spreadsheet. This can be done by highlighting Cell A1 and clicking the button to grant access
A87: Tab 9 - Controls SME Reporting
A88: =A86+1 -> 51 | B88: This sheet is for use by SME's to quickly evaluate the subsystem types filled in to tabs 3 and 4
A89: Tab 10- BASE corphosting / device enrollment template
A90: =A88+1 -> 52 | B90: The 10-Corphosting tab has been created for ease of copy and pasting the data required for the BASE CorpEng provisioning Template. The first 4 columns will be auto generated based on the information entered in Tab 4-All Devices. The net block will need to be assigned by GEN Deploy then the contents of the sheet copied (Values Only) to the BASE Corpeng Template
A91: =A90+1 -> 53 | B91: The MAC addresses are filtered from the 4-All Devices Tab and the corresponding fields placed in the requested hostname, zone and device type columns. The device type must match an existing qualified device type (as listed in the VLook tab). If it does not, adjust the manufacturer and model in Tab 4 so that it matches the required format.
A92: =A91+1 -> 54 | B92: To Corphost devices please follow the C39 procedure on the GTE IoTDeploy site
A93: Tab 11- Temporary Devices
A94: =A92+1 -> 55 | B94: Complete a row for each temporary device that will be included on the project that will be removed/de-corphosted before project completion. This includes but not limited to temporary commisioning laptops and interim MDF/IF monitoring devices
A95: 56 | B95: Dates of installation and removal need to be recorded in the relevant columns
A96: 57 | B96: To Corphost temporary devices please follow the C12 procedure on the GTE IoTDeploy site

Sheet 1-Facility Questionnaire
A1: FACILITY QUESTIONNAIRE
A2: Building Information
A3: Site Code | B3: IN-BLR-ANANTA
A4: Survey Date | B4: 36892
A5: Surveyor
A6: Is the building accessable
A7: RTO Status
A8: Local Vendor/Supplier Information
A9: Category | B9: Vendor/Supplier Company Name | C9: Contact Name | D9: Contact Email (include LDAP where applicable ) | E9: Contact Phone | F9: Confirmed Attendance & Access for Survey | G9: Additional Comments
A10: BMS (Building Management System)
A11: LCS (Lighting Control System)
A12: EMS (Emergency Management System)
A13: Lift
A14: Food
A15: Fire Alarm
A16: Fire Alarm
A17: Mechanical
A18: Mechanical
A19: Electrical
A21: Blinds/Curtains
A22: Other-Specify
... A27: High-Level Information (Optional)
A28: Description | B28: Quantity (If Known) | C28: Connected to BMS? | D28: Comments
A29: Number of Chillers
A30: Number of Boilers
A31: Number of Air Handling Units (AHUs)
A32: Number of Fan Coil Units (FCUs)
A33: Number of UPS
A34: Is there a BMS system in this building? If yes, does it feed any other buildings? If not, where is it located?
A35: Planned Works (that include BOS related elememts , network connections , IP devices etc)
A36: System | B36: Planned Works? | C36: Description and location of Works | D36: Planned Start Date | E36: Planned End Date | F36: PANANTArity | G36: Comments and contacts regarding works
A37: Please Specify
A38: Please Specify
A39: Please Specify
A40: Please Specify
A41: Are there any other site/OT considerations you think the team need to be aware of
A42: Further Comments
A43: Insert Any Further Comments Here
A44: Access Requirements
A45: Health & Safety and Site Access | B45: Response | C45: Comments
A46: Are Landlord or Google Onboarding required to access any part of the building required for survey?
A47: Is a H&S Risk Assessment and Method Statement (RAMS) required pANANTAr to work taking place on site
A48: Is a permit to work or landlord approval/license or other permission required pANANTAr to work taking place on site?
A49: Does the Landlord require notice ahead of any works taking place and/or in order to provide access?
A50: Confirm that keys (including master keys) will be ready for the start of the survey to access risers, IDF/MDF rooms, control/machine/plant rooms, intake rooms etc. Is a master key available?
A51: Confirm keys available for all controls panels, cubicles, cabinets, network racks, etc.
A52: Will our access affect any operational duties?
A53: Confirm access available to IDF / MDF Rooms - Is IT attendance required?
A54: Confirm if out-of-hours access would be required for special areas - i.e finance / confidential areas
A55: Confirm there will be 8.00am to 8.00pm access for surveyor to access all parts of the building
A56: Any special security or clearance required for the survey team?
A57: Any special safety gear you expect the surveyor team to bring with them?
... A63: Insert Here

Sheet 2-Building
A1: Questions | B1: Response by | C1: Comments
A2: Building Information | B2: PM (for New Construction) FM (for Existing Buildings) | C2: Comments
A3: Link to Project Site
A4: Building ID/Code | B4: IN-BLR-ANANTA
A5: Building Address
A6: Ownership Type | B6: Leased
A7: Lease Expiry Date
A8: Would you consider this a Strategic Building for Google? | B8: Yes
A9: Model of the building | B9: Model 1
A10: Cyber Compliant or Smart Ready? | B10: Smart Ready
A11: IoT Lite, IoT Hybrid or IoT Heavy? | B11: IoT Heavy
A12: Headcount in the building
A13: Google occupied % in the building | B13: 1
A14: Building Size in SQFT
A15: Total number of floors in the building | B15: 16 | C15: 3 Basements + GF + 11 Floors + Roof
A16: Number of floors occupied by Google | B16: 16
A17: Basement Included? | B17: Yes
A18: Roof Included? | B18: Yes
A19: Does Google Facilities manage the Systems on Google Floors? | B19: Yes
A20: Does Google Facilities manage the Building Main Plant and Common Areas? | B20: Yes
A21: Any Critical System Issues? Please describe. | B21: No
A22: High Priority System Alarms? Please describe. | B22: N/A | C22: Alarms are configured as per Appendix-1
A23: Any proposed changes to the building, additional phases or retrofits in the next year? | B23: No
A24: Landlord Information | B24: PM (for New Construction) FM (for Existing Buildings) | C24: Comments
A25: Who operates the Building Main Plant and Common Areas?
A26: Landlord Relationship | B26: Positive
A27: Name(s) the Administrator(s), (Building Engineer, Landlord, FM, etc)
A28: FM Information | B28: Response by FM | C28: Comments
A29: Lead FM name & LLDAP
A30: On-Site Technical FM Name & LLDAP
A31: On-Site Technical Expertise
A32: Are keys available to BMS, LCS, EMS, and any other panels?
A33: Does FM have a system for managing Panel Keys?
A34: Are passwords available to BMS, LCS, EMS, and/or any other system front ends?
A35: Does FM have a system for managing passwords?
A36: MDF/IDF Information | B36: Response by GEN | C36: Comments
A37: Number of MDFs, IDFS and Razors in the Building?
A38: Annotated floorplans showing Locations of MDFs, IDFS and Razors?
A39: OT / Private Network Information | B39: Response by System Contractor | C39: Comments
A40: Are there any Private / OT Networks onsite? If yes, provide details and record network devices in the Private Network Equipment tab.
A41: Are there any connections to 3rd party networks or landlords networks
A42: Building Management System (BMS) Information | B42: Response by BMS Vendor / Contractor | C42: Comments
A43: Details on the BMS System Installed on Google Floors
A44: Number of Building Management Systems?
A45: BMS Server Location
A46: Documentation provided and moved to correct folders?
A47: Any upgrades, adds, moves, changes affecting accuracy of the O&M information?
A48: Link to Network Topology Diagram/Schematic
A49: Link to Description of Operation
A50: Link to Control Panel Drawings
A51: Link to Points Schedule or Points List
A52: Link to BMS Headend Screenshots
A53: Link to System Asset Register
A54: Was a Tagging Schema used on the BMS?
... A76: Any Additional Information?
A77: Lighting Control System (LCS) Information | B77: Response by LCS Vendor / Contractor | C77: Comments
A78: Details on the LCS System Installed on Google Floors
A79: Number of Lighting Control Systems?
A80: LCS Server Location
A81: Documentation provided and moved to correct folders?
A82: Link to Network Topology Diagram/Schematic
A83: Link to Description of Operation
A84: Link to Control Panel Drawings
A85: Link to Points Schedule or Points List
A86: Link to LCS Headend Screenshots
A87: Link to System Asset Register
A88: Was a Tagging Schema used on the LCS?
A89: Who manages the LCS that operates the Google spaces?
... A110: Any Additional Information?
A111: Energy Management System (EMS) Information | B111: Response by EMS Vendor / Contractor | C111: Comments
A112: Details on the EMS System Installed on Google Floors
A113: Number of Energy Management Systems?
A114: EMS Server Location
A115: Documentation provided and moved to correct folders?
A116: Link to Network Topology Diagram/Schematic
A117: Link to Description of Operation
A118: Link to Control Panel Drawings
A119: Link to Points Schedule or Points List
A120: Link to EMS Headend Screenshots
A121: Link to System Asset Register
A122: Was a Tagging Schema used on the EMS?
A123: Who manages the EMS that operates the Google spaces?
... A144: Any Additional Information?
A145: Lift / Elevators Information | B145: Response by Lift/Elevator Vendor / Contractor | C145: Comments
A146: Details on the Lift / Elevators Installed on Google Floors
A147: Number of Lifts / Elevator Systems?
A148: Lifts / Elevator Server Location
A149: Documentation provided and moved to correct folders?
A150: Link to Network Topology Diagram/Schematic
A151: Link to Description of Operation
A152: Link to Control Panel Drawings
A153: Link to Points Schedule or Points List
A154: Link to Lifts / Elevator Headend Screenshots
A155: Link to System Asset Register
A156: Was a Tagging Schema used on the Lifts / Elevator?
A157: Who manages the Lifts / Elevator that operates the Google spaces?
... A178: Any Additional Information?
A179: Fire Alarm System Information | B179: Response by Fire Vendor / Contractor | C179: Comments
A180: Details on the Fire Alarm System Installed on Google Floors
A181: Number of Fire Alarm Systems?
...

Sheet 3-Devices Types
B1: Device Types | J1: Device Types | R1: Comments | S1: Risk & Remediation
A2: To be filled by: | B2: System Owner | J2: System Owner | L2: DBC (Design), MSI (Construction) for Smart Ready / MEP (Design), GC (Construction) for Cyber Compliant | S2: SME
A3: Notes | B3: Select the Device lookup from the dropdown to auto populate columns C to J. This will fill in the information as filled in Tab 4-All IP Devices (Format: Device Manufacturer-Device Model-Firmware Version ) | C3: AUTO POPULATED (DO NOT EDIT THIS FIELD) | D3: AUTO POPULATED (DO NOT EDIT THIS FIELD) | E3: AUTO POPULATED (DO NOT EDIT THIS FIELD) | F3: AUTO POPULATED (DO NOT EDIT THIS FIELD) | G3: Specify the manufacturers part number for the device, this should be available from the datasheet / part number list. (e.g. 80054180) | H3: Specify the communication speed of the device (e.g. 100MB/1G/10G full/half duplex) | I3: Specify if there is a requirement for a license for the devices and documents the details along with a screenshot (e.g. Controls Software Licensing Details) | J3: Provide link to the datasheet on Google Drive. (Coordinate with REWS PM for the folder location and access) (e.g. Link to Datasheet) | K3: Provide link to the user and technical manuals on Google Drive (Coordinate with REWS PM for the folder location and access) (e.g. Link to User / Technical Manual) | L3: Specify all the inbound protocols, source port, and the source required by the device. (e.g. UDP, 47808, Controller) | M3: Specify all the outbound protocols, destination ports, and destinations used by the device (e.g. TCP, 433, mqtt.google.com) | N3: Specify if any services have been currently enabled on the firmware for the project (e.g. SMTP/25) | O3: Specify if any services have been currently disabled on the firmware for the project (e.g. Telnet/23) | P3: Specify if the device has encountered any issues during commissioning. (e.g. The device uses proprietary protocols or device version has been superseded by a new revision) | Q3: Specify if there is any resolution plan for the known issues by the manufacturer. (E.g. The known issue will be captured under the manufacturers roadmap i.e. NTP will be available in Q3) | R3: Provide any comments if applicable. | S3: Specify the device risk level based on the criteria provided
A4: No. | B4: Device Type Lookup | C4: System | D4: Device / Asset Manufacturer | E4: Device / Asset Model (manufacturer) | F4: =Concatenate("Quantity (", Sum(F5:F101), ")") -> Quantity (3244) | G4: Manufacturer Part Number | H4: Communication Speed (10/100/1G) | I4: License Info | J4: Technical Data Sheet | K4: User / Technical Manuals | L4: Inbound Protocol, Source Port & Source | M4: Outbound Protocol, Destination Port & Destination | N4: Which services are currently enabled & port number on Firmware | O4: Which services are currently disabled & port number on Firmware | P4: Known issues | Q4: Known Issue Resolution | R4: Comments | S4: Device Risk level
A5: 1 | B5: ALC-G5CE | C5: {=iferror(index('4-All Devices'!$A:$BB, match($B5 ,'4-All Devices'!BG:BG,0 ),match(C$4,'4-All Devices'!$4:$4,0)),"")} -> Building Management System | D5: {=iferror(index('4-All Devices'!$A:$BB, match($B5 ,'4-All Devices'!BG:BG,0 ),match(D$4,'4-All Devices'!$4:$4,0)),"")} -> ALC | E5: {=iferror(index('4-All Devices'!$A:$BB, match($B5 ,'4-All Devices'!BG:BG,0 ),match(E$4,'4-All Devices'!$4:$4,0)),"")} -> G5CE | F5: =if(countifs('4-All Devices'!BG:BG,B5)=0,"",countifs('4-All Devices'!BG:BG,B5)) -> 151 | G5: G5CE | H5: 10/100 Mb Half/Full Duplex
A6: =A5+1 -> 2 | B6: ALC-OFHI | C6: {=iferror(index('4-All Devices'!$A:$BB, match($B6 ,'4-All Devices'!BG:BG,0 ),match(C$4,'4-All Devices'!$4:$4,0)),"")} -> Building Management System | D6: {=iferror(index('4-All Devices'!$A:$BB, match($B6 ,'4-All Devices'!BG:BG,0 ),match(D$4,'4-All Devices'!$4:$4,0)),"")} -> ALC | E6: {=iferror(index('4-All Devices'!$A:$BB, match($B6 ,'4-All Devices'!BG:BG,0 ),match(E$4,'4-All Devices'!$4:$4,0)),"")} -> OFHI | F6: =if(countifs('4-All Devices'!BG:BG,B6)=0,"",countifs('4-All Devices'!BG:BG,B6)) -> 45 | G6: OFHI | H6: 10/100 Mb Half/Full Duplex
A7: =A6+1 -> 3 | B7: SAUTER-EYGT103F001 | C7: {=iferror(index('4-All Devices'!$A:$BB, match($B7 ,'4-All Devices'!BG:BG,0 ),match(C$4,'4-All Devices'!$4:$4,0)),"")} -> Building Management System | D7: {=iferror(index('4-All Devices'!$A:$BB, match($B7 ,'4-All Devices'!BG:BG,0 ),match(D$4,'4-All Devices'!$4:$4,0)),"")} -> SAUTER | E7: {=iferror(index('4-All Devices'!$A:$BB, match($B7 ,'4-All Devices'!BG:BG,0 ),match(E$4,'4-All Devices'!$4:$4,0)),"")} -> EY-GT103F001 | F7: =if(countifs('4-All Devices'!BG:BG,B7)=0,"",countifs('4-All Devices'!BG:BG,B7)) -> 46 | G7: EY-GT103F001 | H7: 10/100 Mb Half/Full Duplex
A8: =A7+1 -> 4 | B8: SAUTER-EYRC504FXXX | C8: {=iferror(index('4-All Devices'!$A:$BB, match($B8 ,'4-All Devices'!BG:BG,0 ),match(C$4,'4-All Devices'!$4:$4,0)),"")} -> Building Management System | D8: {=iferror(index('4-All Devices'!$A:$BB, match($B8 ,'4-All Devices'!BG:BG,0 ),match(D$4,'4-All Devices'!$4:$4,0)),"")} -> SAUTER | E8: {=iferror(index('4-All Devices'!$A:$BB, match($B8 ,'4-All Devices'!BG:BG,0 ),match(E$4,'4-All Devices'!$4:$4,0)),"")} -> EY-RC504FXXX | F8: =if(countifs('4-All Devices'!BG:BG,B8)=0,"",countifs('4-All Devices'!BG:BG,B8)) -> 178 | G8: EY-RC504FXXX | H8: 10/100 Mb Half/Full Duplex
A9: =A8+1 -> 5 | B9: TRANE-TRACERSC | C9: {=iferror(index('4-All Devices'!$A:$BB, match($B9 ,'4-All Devices'!BG:BG,0 ),match(C$4,'4-All Devices'!$4:$4,0)),"")} -> Building Management System | D9: {=iferror(index('4-All Devices'!$A:$BB, match($B9 ,'4-All Devices'!BG:BG,0 ),match(D$4,'4-All Devices'!$4:$4,0)),"")} -> TRANE | E9: {=iferror(index('4-All Devices'!$A:$BB, match($B9 ,'4-All Devices'!BG:BG,0 ),match(E$4,'4-All Devices'!$4:$4,0)),"")} -> TRACER SC+ | F9: =if(countifs('4-All Devices'!BG:BG,B9)=0,"",countifs('4-All Devices'!BG:BG,B9)) -> 2 | G9: TRACER SC+ | H9: 10/100 Mb Half/Full Duplex
A10: =A9+1 -> 6 | B10: TRIDIUM-JACE8000 | C10: {=iferror(index('4-All Devices'!$A:$BB, match($B10 ,'4-All Devices'!BG:BG,0 ),match(C$4,'4-All Devices'!$4:$4,0)),"")} -> Building Management System | D10: {=iferror(index('4-All Devices'!$A:$BB, match($B10 ,'4-All Devices'!BG:BG,0 ),match(D$4,'4-All Devices'!$4:$4,0)),"")} -> Tridium | E10: {=iferror(index('4-All Devices'!$A:$BB, match($B10 ,'4-All Devices'!BG:BG,0 ),match(E$4,'4-All Devices'!$4:$4,0)),"")} -> JACE 8000 | F10: =if(countifs('4-All Devices'!BG:BG,B10)=0,"",countifs('4-All Devices'!BG:BG,B10)) -> 2 | G10: JACE 8000 | H10: 10/100 Mb Half/Full Duplex
A11: =A10+1 -> 7 | B11: NEPTRONIC-EVCBSERIES | C11: {=iferror(index('4-All Devices'!$A:$BB, match($B11 ,'4-All Devices'!BG:BG,0 ),match(C$4,'4-All Devices'!$4:$4,0)),"")} -> Building Management System | D11: {=iferror(index('4-All Devices'!$A:$BB, match($B11 ,'4-All Devices'!BG:BG,0 ),match(D$4,'4-All Devices'!$4:$4,0)),"")} -> Neptronic | E11: {=iferror(index('4-All Devices'!$A:$BB, match($B11 ,'4-All Devices'!BG:BG,0 ),match(E$4,'4-All Devices'!$4:$4,0)),"")} -> EVCB SERIES | F11: =if(countifs('4-All Devices'!BG:BG,B11)=0,"",countifs('4-All Devices'!BG:BG,B11)) -> 2122 | H11: N/A
A12: =A11+1 -> 8 | B12: AQUAGEN-EVCBSERIES | C12: {=iferror(index('4-All Devices'!$A:$BB, match($B12 ,'4-All Devices'!BG:BG,0 ),match(C$4,'4-All Devices'!$4:$4,0)),"")} -> Building Management System | D12: {=iferror(index('4-All Devices'!$A:$BB, match($B12 ,'4-All Devices'!BG:BG,0 ),match(D$4,'4-All Devices'!$4:$4,0)),"")} -> Aquagen | E12: {=iferror(index('4-All Devices'!$A:$BB, match($B12 ,'4-All Devices'!BG:BG,0 ),match(E$4,'4-All Devices'!$4:$4,0)),"")} -> EVCB SERIES | F12: =if(countifs('4-All Devices'!BG:BG,B12)=0,"",countifs('4-All Devices'!BG:BG,B12)) -> 165 | H12: N/A
A13: =A12+1 -> 9 | B13: AQUAGEN-UWM220DN50DN500 | C13: {=iferror(index('4-All Devices'!$A:$BB, match($B13 ,'4-All Devices'!BG:BG,0 ),match(C$4,'4-All Devices'!$4:$4,0)),"")} -> Building Management System | D13: {=iferror(index('4-All Devices'!$A:$BB, match($B13 ,'4-All Devices'!BG:BG,0 ),match(D$4,'4-All Devices'!$4:$4,0)),"")} -> Aquagen | E13: {=iferror(index('4-All Devices'!$A:$BB, match($B13 ,'4-All Devices'!BG:BG,0 ),match(E$4,'4-All Devices'!$4:$4,0)),"")} -> UWM-220 DN-50-DN500 | F13: =if(countifs('4-All Devices'!BG:BG,B13)=0,"",countifs('4-All Devices'!BG:BG,B13)) -> 50 | H13: N/A
A14: =A13+1 -> 10 | B14: DAIKIN-FXZQ32BVM6 | C14: {=iferror(index('4-All Devices'!$A:$BB, match($B14 ,'4-All Devices'!BG:BG,0 ),match(C$4,'4-All Devices'!$4:$4,0)),"")} -> Building Management System | D14: {=iferror(index('4-All Devices'!$A:$BB, match($B14 ,'4-All Devices'!BG:BG,0 ),match(D$4,'4-All Devices'!$4:$4,0)),"")} -> DAIKIN | E14: {=iferror(index('4-All Devices'!$A:$BB, match($B14 ,'4-All Devices'!BG:BG,0 ),match(E$4,'4-All Devices'!$4:$4,0)),"")} -> FXZQ32BVM6 | F14: =if(countifs('4-All Devices'!BG:BG,B14)=0,"",countifs('4-All Devices'!BG:BG,B14)) -> 66 | H14: N/A
A15: =A14+1 -> 11 | B15: EATON-93PR | C15: {=iferror(index('4-All Devices'!$A:$BB, match($B15 ,'4-All Devices'!BG:BG,0 ),match(C$4,'4-All Devices'!$4:$4,0)),"")} -> Building Management System | D15: {=iferror(index('4-All Devices'!$A:$BB, match($B15 ,'4-All Devices'!BG:BG,0 ),match(D$4,'4-All Devices'!$4:$4,0)),"")} -> EATON | E15: {=iferror(index('4-All Devices'!$A:$BB, match($B15 ,'4-All Devices'!BG:BG,0 ),match(E$4,'4-All Devices'!$4:$4,0)),"")} -> 93PR | F15: =if(countifs('4-All Devices'!BG:BG,B15)=0,"",countifs('4-All Devices'!BG:BG,B15)) -> 20 | H15: N/A
A16: =A15+1 -> 12 | B16: EATON-R3G630RB3203 | C16: {=iferror(index('4-All Devices'!$A:$BB, match($B16 ,'4-All Devices'!BG:BG,0 ),match(C$4,'4-All Devices'!$4:$4,0)),"")} -> Building Management System | D16: {=iferror(index('4-All Devices'!$A:$BB, match($B16 ,'4-All Devices'!BG:BG,0 ),match(D$4,'4-All Devices'!$4:$4,0)),"")} -> EATON | E16: {=iferror(index('4-All Devices'!$A:$BB, match($B16 ,'4-All Devices'!BG:BG,0 ),match(E$4,'4-All Devices'!$4:$4,0)),"")} -> R3G630-RB32-03 | F16: =if(countifs('4-All Devices'!BG:BG,B16)=0,"",countifs('4-All Devices'!BG:BG,B16)) -> 1 | H16: N/A
A17: =A16+1 -> 13 | B17: SCHNEIDER-PM2200 | C17: {=iferror(index('4-All Devices'!$A:$BB, match($B17 ,'4-All Devices'!BG:BG,0 ),match(C$4,'4-All Devices'!$4:$4,0)),"")} -> Building Management System | D17: {=iferror(index('4-All Devices'!$A:$BB, match($B17 ,'4-All Devices'!BG:BG,0 ),match(D$4,'4-All Devices'!$4:$4,0)),"")} -> SCHNEIDER | E17: {=iferror(index('4-All Devices'!$A:$BB, match($B17 ,'4-All Devices'!BG:BG,0 ),match(E$4,'4-All Devices'!$4:$4,0)),"")} -> PM2200 | F17: =if(countifs('4-All Devices'!BG:BG,B17)=0,"",countifs('4-All Devices'!BG:BG,B17)) -> 148 | H17: N/A
A18: =A17+1 -> 14 | B18: NICOTRA-DDMP | C18: {=iferror(index('4-All Devices'!$A:$BB, match($B18 ,'4-All Devices'!BG:BG,0 ),match(C$4,'4-All Devices'!$4:$4,0)),"")} -> Building Management System | D18: {=iferror(index('4-All Devices'!$A:$BB, match($B18 ,'4-All Devices'!BG:BG,0 ),match(D$4,'4-All Devices'!$4:$4,0)),"")} -> Nicotra | E18: {=iferror(index('4-All Devices'!$A:$BB, match($B18 ,'4-All Devices'!BG:BG,0 ),match(E$4,'4-All Devices'!$4:$4,0)),"")} -> DDMP | F18: =if(countifs('4-All Devices'!BG:BG,B18)=0,"",countifs('4-All Devices'!BG:BG,B18)) -> 49 | H18: N/A
A19: =A18+1 -> 15 | B19: PVRCONTROLS-CRC202000 | C19: {=iferror(index('4-All Devices'!$A:$BB, match($B19 ,'4-All Devices'!BG:BG,0 ),match(C$4,'4-All Devices'!$4:$4,0)),"")} -> Building Management System | D19: {=iferror(index('4-All Devices'!$A:$BB, match($B19 ,'4-All Devices'!BG:BG,0 ),match(D$4,'4-All Devices'!$4:$4,0)),"")} -> PVR Controls | E19: {=iferror(index('4-All Devices'!$A:$BB, match($B19 ,'4-All Devices'!BG:BG,0 ),match(E$4,'4-All Devices'!$4:$4,0)),"")} -> CRC-202000 | F19: =if(countifs('4-All Devices'!BG:BG,B19)=0,"",countifs('4-All Devices'!BG:BG,B19)) -> 28 | H19: N/A
A20: =A19+1 -> 16 | B20: SCHNEIDER-EASYLOGICEM6436HRS | C20: {=iferror(index('4-All Devices'!$A:$BB, match($B20 ,'4-All Devices'!BG:BG,0 ),match(C$4,'4-All Devices'!$4:$4,0)),"")} -> Building Management System | D20: {=iferror(index('4-All Devices'!$A:$BB, match($B20 ,'4-All Devices'!BG:BG,0 ),match(D$4,'4-All Devices'!$4:$4,0)),"")} -> SCHNEIDER | E20: {=iferror(index('4-All Devices'!$A:$BB, match($B20 ,'4-All Devices'!BG:BG,0 ),match(E$4,'4-All Devices'!$4:$4,0)),"")} -> EASYLOGIC EM6436H RS | F20: =if(countifs('4-All Devices'!BG:BG,B20)=0,"",countifs('4-All Devices'!BG:BG,B20)) -> 100 | H20: N/A
A21: =A20+1 -> 17 | B21: SCHNEIDER-IEM3000 | C21: {=iferror(index('4-All Devices'!$A:$BB, match($B21 ,'4-All Devices'!BG:BG,0 ),match(C$4,'4-All Devices'!$4:$4,0)),"")} -> Building Management System | D21: {=iferror(index('4-All Devices'!$A:$BB, match($B21 ,'4-All Devices'!BG:BG,0 ),match(D$4,'4-All Devices'!$4:$4,0)),"")} -> SCHNEIDER | E21: {=iferror(index('4-All Devices'!$A:$BB, match($B21 ,'4-All Devices'!BG:BG,0 ),match(E$4,'4-All Devices'!$4:$4,0)),"")} -> IEM3000 | F21: =if(countifs('4-All Devices'!BG:BG,B21)=0,"",countifs('4-All Devices'!BG:BG,B21)) -> 68 | H21: N/A
A22: =A21+1 -> 18 | B22: SELECCONTROLS-FLEXYSRAIL | C22: {=iferror(index('4-All Devices'!$A:$BB, match($B22 ,'4-All Devices'!BG:BG,0 ),match(C$4,'4-All Devices'!$4:$4,0)),"")} -> Building Management System | D22: {=iferror(index('4-All Devices'!$A:$BB, match($B22 ,'4-All Devices'!BG:BG,0 ),match(D$4,'4-All Devices'!$4:$4,0)),"")} -> SELEC CONTROLS | E22: {=iferror(index('4-All Devices'!$A:$BB, match($B22 ,'4-All Devices'!BG:BG,0 ),match(E$4,'4-All Devices'!$4:$4,0)),"")} -> FLEXYS RAIL | F22: =if(countifs('4-All Devices'!BG:BG,B22)=0,"",countifs('4-All Devices'!BG:BG,B22)) -> 2 | H22: N/A
A23: =A22+1 -> 19 | B23: DAIKIN-DTA116A51 | C23: {=iferror(index('4-All Devices'!$A:$BB, match($B23 ,'4-All Devices'!BG:BG,0 ),match(C$4,'4-All Devices'!$4:$4,0)),"")} -> Building Management System | D23: {=iferror(index('4-All Devices'!$A:$BB, match($B23 ,'4-All Devices'!BG:BG,0 ),match(D$4,'4-All Devices'!$4:$4,0)),"")} -> DAIKIN | E23: {=iferror(index('4-All Devices'!$A:$BB, match($B23 ,'4-All Devices'!BG:BG,0 ),match(E$4,'4-All Devices'!$4:$4,0)),"")} -> DTA116A51 | F23: =if(countifs('4-All Devices'!BG:BG,B23)=0,"",countifs('4-All Devices'!BG:BG,B23)) -> 1 | H23: N/A
A24: =A23+1 -> 20 | C24: {=iferror(index('4-All Devices'!$A:$BB, match($B24 ,'4-All Devices'!BG:BG,0 ),match(C$4,'4-All Devices'!$4:$4,0)),"")} | D24: {=iferror(index('4-All Devices'!$A:$BB, match($B24 ,'4-All Devices'!BG:BG,0 ),match(D$4,'4-All Devices'!$4:$4,0)),"")} | E24: {=iferror(index('4-All Devices'!$A:$BB, match($B24 ,'4-All Devices'!BG:BG,0 ),match(E$4,'4-All Devices'!$4:$4,0)),"")} | F24: =if(countifs('4-All Devices'!BG:BG,B24)=0,"",countifs('4-All Devices'!BG:BG,B24))
A25: =A24+1 -> 21 | C25: {=iferror(index('4-All Devices'!$A:$BB, match($B25 ,'4-All Devices'!BG:BG,0 ),match(C$4,'4-All Devices'!$4:$4,0)),"")} | D25: {=iferror(index('4-All Devices'!$A:$BB, match($B25 ,'4-All Devices'!BG:BG,0 ),match(D$4,'4-All Devices'!$4:$4,0)),"")} | E25: {=iferror(index('4-All Devices'!$A:$BB, match($B25 ,'4-All Devices'!BG:BG,0 ),match(E$4,'4-All Devices'!$4:$4,0)),"")} | F25: =if(countifs('4-All Devices'!BG:BG,B25)=0,"",countifs('4-All Devices'!BG:BG,B25))
A26: =A25+1 -> 22 | C26: {=iferror(index('4-All Devices'!$A:$BB, match($B26 ,'4-All Devices'!BG:BG,0 ),match(C$4,'4-All Devices'!$4:$4,0)),"")} | D26: {=iferror(index('4-All Devices'!$A:$BB, match($B26 ,'4-All Devices'!BG:BG,0 ),match(D$4,'4-All Devices'!$4:$4,0)),"")} | E26: {=iferror(index('4-All Devices'!$A:$BB, match($B26 ,'4-All Devices'!BG:BG,0 ),match(E$4,'4-All Devices'!$4:$4,0)),"")} | F26: =if(countifs('4-All Devices'!BG:BG,B26)=0,"",countifs('4-All Devices'!BG:BG,B26))
A27: =A26+1 -> 23 | C27: {=iferror(index('4-All Devices'!$A:$BB, match($B27 ,'4-All Devices'!BG:BG,0 ),match(C$4,'4-All Devices'!$4:$4,0)),"")} | D27: {=iferror(index('4-All Devices'!$A:$BB, match($B27 ,'4-All Devices'!BG:BG,0 ),match(D$4,'4-All Devices'!$4:$4,0)),"")} | E27: {=iferror(index('4-All Devices'!$A:$BB, match($B27 ,'4-All Devices'!BG:BG,0 ),match(E$4,'4-All Devices'!$4:$4,0)),"")} | F27: =if(countifs('4-All Devices'!BG:BG,B27)=0,"",countifs('4-All Devices'!BG:BG,B27))
A28: =A27+1 -> 24 | C28: {=iferror(index('4-All Devices'!$A:$BB, match($B28 ,'4-All Devices'!BG:BG,0 ),match(C$4,'4-All Devices'!$4:$4,0)),"")} | D28: {=iferror(index('4-All Devices'!$A:$BB, match($B28 ,'4-All Devices'!BG:BG,0 ),match(D$4,'4-All Devices'!$4:$4,0)),"")} | E28: {=iferror(index('4-All Devices'!$A:$BB, match($B28 ,'4-All Devices'!BG:BG,0 ),match(E$4,'4-All Devices'!$4:$4,0)),"")} | F28: =if(countifs('4-All Devices'!BG:BG,B28)=0,"",countifs('4-All Devices'!BG:BG,B28))
A29: =A28+1 -> 25 | C29: {=iferror(index('4-All Devices'!$A:$BB, match($B29 ,'4-All Devices'!BG:BG,0 ),match(C$4,'4-All Devices'!$4:$4,0)),"")} | D29: {=iferror(index('4-All Devices'!$A:$BB, match($B29 ,'4-All Devices'!BG:BG,0 ),match(D$4,'4-All Devices'!$4:$4,0)),"")} | E29: {=iferror(index('4-All Devices'!$A:$BB, match($B29 ,'4-All Devices'!BG:BG,0 ),match(E$4,'4-All Devices'!$4:$4,0)),"")} | F29: =if(countifs('4-All Devices'!BG:BG,B29)=0,"",countifs('4-All Devices'!BG:BG,B29))
A30: =A29+1 -> 26 | C30: {=iferror(index('4-All Devices'!$A:$BB, match($B30 ,'4-All Devices'!BG:BG,0 ),match(C$4,'4-All Devices'!$4:$4,0)),"")} | D30: {=iferror(index('4-All Devices'!$A:$BB, match($B30 ,'4-All Devices'!BG:BG,0 ),match(D$4,'4-All Devices'!$4:$4,0)),"")} | E30: {=iferror(index('4-All Devices'!$A:$BB, match($B30 ,'4-All Devices'!BG:BG,0 ),match(E$4,'4-All Devices'!$4:$4,0)),"")} | F30: =if(countifs('4-All Devices'!BG:BG,B30)=0,"",countifs('4-All Devices'!BG:BG,B30))
A31: =A30+1 -> 27 | C31: {=iferror(index('4-All Devices'!$A:$BB, match($B31 ,'4-All Devices'!BG:BG,0 ),match(C$4,'4-All Devices'!$4:$4,0)),"")} | D31: {=iferror(index('4-All Devices'!$A:$BB, match($B31 ,'4-All Devices'!BG:BG,0 ),match(D$4,'4-All Devices'!$4:$4,0)),"")} | E31: {=iferror(index('4-All Devices'!$A:$BB, match($B31 ,'4-All Devices'!BG:BG,0 ),match(E$4,'4-All Devices'!$4:$4,0)),"")} | F31: =if(countifs('4-All Devices'!BG:BG,B31)=0,"",countifs('4-All Devices'!BG:BG,B31))
A32: =A31+1 -> 28 | C32: {=iferror(index('4-All Devices'!$A:$BB, match($B32 ,'4-All Devices'!BG:BG,0 ),match(C$4,'4-All Devices'!$4:$4,0)),"")} | D32: {=iferror(index('4-All Devices'!$A:$BB, match($B32 ,'4-All Devices'!BG:BG,0 ),match(D$4,'4-All Devices'!$4:$4,0)),"")} | E32: {=iferror(index('4-All Devices'!$A:$BB, match($B32 ,'4-All Devices'!BG:BG,0 ),match(E$4,'4-All Devices'!$4:$4,0)),"")} | F32: =if(countifs('4-All Devices'!BG:BG,B32)=0,"",countifs('4-All Devices'!BG:BG,B32))
A33: =A32+1 -> 29 | C33: {=iferror(index('4-All Devices'!$A:$BB, match($B33 ,'4-All Devices'!BG:BG,0 ),match(C$4,'4-All Devices'!$4:$4,0)),"")} | D33: {=iferror(index('4-All Devices'!$A:$BB, match($B33 ,'4-All Devices'!BG:BG,0 ),match(D$4,'4-All Devices'!$4:$4,0)),"")} | E33: {=iferror(index('4-All Devices'!$A:$BB, match($B33 ,'4-All Devices'!BG:BG,0 ),match(E$4,'4-All Devices'!$4:$4,0)),"")} | F33: =if(countifs('4-All Devices'!BG:BG,B33)=0,"",countifs('4-All Devices'!BG:BG,B33))
A34: =A33+1 -> 30 | C34: {=iferror(index('4-All Devices'!$A:$BB, match($B34 ,'4-All Devices'!BG:BG,0 ),match(C$4,'4-All Devices'!$4:$4,0)),"")} | D34: {=iferror(index('4-All Devices'!$A:$BB, match($B34 ,'4-All Devices'!BG:BG,0 ),match(D$4,'4-All Devices'!$4:$4,0)),"")} | E34: {=iferror(index('4-All Devices'!$A:$BB, match($B34 ,'4-All Devices'!BG:BG,0 ),match(E$4,'4-All Devices'!$4:$4,0)),"")} | F34: =if(countifs('4-All Devices'!BG:BG,B34)=0,"",countifs('4-All Devices'!BG:BG,B34))
A35: =A34+1 -> 31 | C35: {=iferror(index('4-All Devices'!$A:$BB, match($B35 ,'4-All Devices'!BG:BG,0 ),match(C$4,'4-All Devices'!$4:$4,0)),"")} | D35: {=iferror(index('4-All Devices'!$A:$BB, match($B35 ,'4-All Devices'!BG:BG,0 ),match(D$4,'4-All Devices'!$4:$4,0)),"")} | E35: {=iferror(index('4-All Devices'!$A:$BB, match($B35 ,'4-All Devices'!BG:BG,0 ),match(E$4,'4-All Devices'!$4:$4,0)),"")} | F35: =if(countifs('4-All Devices'!BG:BG,B35)=0,"",countifs('4-All Devices'!BG:BG,B35))
... A104: =A103+1 -> 100 | C104: {=iferror(index('4-All Devices'!$A:$BB, match($B104 ,'4-All Devices'!BG:BG,0 ),match(C$4,'4-All Devices'!$4:$4,0)),"")} | D104: {=iferror(index('4-All Devices'!$A:$BB, match($B104 ,'4-All Devices'!BG:BG,0 ),match(D$4,'4-All Devices'!$4:$4,0)),"")} | E104: {=iferror(index('4-All Devices'!$A:$BB, match($B104 ,'4-All Devices'!BG:BG,0 ),match(E$4,'4-All Devices'!$4:$4,0)),"")} | F104: =if(countifs('4-All Devices'!BG:BG,B104)=0,"",countifs('4-All Devices'!BG:BG,B104))

Sheet 4-All Devices
B1: General Device Info | O1: QR Code Info | S1: Install Info | V1: Firmware Version | Y1: Protocol Info | Z1: BACnet Information | AB1: ModBus Information | AC1: LONWorks Information | AD1: Any Other Protocol | AE1: Network Information | AH1: IP Network Information | AN1: GEN Network Switch Information | AR1: IP Peer - Peer Comms | AV1: MQTT | AW1: Serial Comms | AX1: Connection Type | AY1: Condition Assessment | BB1: Qualification | BC1: Photos | BD1: Owner | BE1: Comments | BF1: Not to be filled
A2: To be filled by: | B2: System Owner | O2: MSI (Smart Ready) / System Owner (Cyber Compliant) | S2: System Owner | V2: System Owner | Y2: System Owner | AE2: MSI (Smart Ready) / System Owner (Cyber Compliant) | AF2: System Owner | AG2: SME - Info via CorpEng BASE after Device Enrolment (GUTS Ticket) | AH2: System Owner | AK2: SME - Info via EFIM after Device Enrollment (GUTS Ticket) [C39 Overview] | AM2: System Owner | AN2: SME - Imported from GTE Dashboard | AQ2: System Owner | AR2: System Owner | AY2: FM | BB2: System Owner | BC2: DBRS Surveyor | BD2: System Owner | BE2: Comments
A3: Notes | B3: Specify the system the device is used for. (E.g. From Dropdown) | C3: Specify the asset name as defined in the BOS Naming and Labeling Standard (E.g. DDC-1, HLI-2 etc.) | D3: If asset name cannot be assigned in the device due to technical or regional reasons, or if this is an audit, specify the user defined asset name as recorded on the device or software (E.g. as entered on the device or in the software etc.) | E3: Specify the manufacturer of the device. (E.g. Tridium, EasyIO, Schneider) | F3: Specify the model type / number of the device. (E.g. JACE8000, FS-32, ASP) | G3: Specify the Asset Rank (e.g. Low, Standard, Critical, Life Safety) | H3: Specify the communication type (e.g. IP or serial i.e. RS485) | I3: Specify the function the device is used for. (e.g. FCU, AHU, LTGW, etc.) for example if a DDC controller was on a FCU, enter FCU. See this link | J3: Specify the floor on which the device is installed. (E.g. 1, 2, 3) | K3: Specify the location of the Device based on the REWS ID in FloorScope. (E.g. 101, B155, etc.) or if on New Construction, the Construction ID | L3: Specify the control panel reference for the device if applicable. (E.g. CTRP-1) | M3: Enter the serial number from the device (E.g. S/N 1524342) | N3: Perform a check to confirm status (Including end to end checks to headend. (E.g.Active, Retired) | O3: Specify if QR Code has been applied to the Device (E.g. Yes) | P3: Human readable QR code that gets printed on the QR code label prefix_AssetName_suffix where prefix is optional site name and suffix is optional FM description (E.g. DDC-1_1-Boilers, LTHW-3_1-3) | Q3: Specify the GUID. examples - If BIM: ifc://04aEp5ymD_$u5IxhJN2aGi If not BIM: uuid://d3501378-dd50-47c5-ae26-806726e1b749 Can be generated using the menu Add-Ons > Insert > Insert GUID | R3: Auto Generated | S3: Please enter the installation Vendors name if known (E.g. ACME controls) | T3: Enter the Start Date for Warranty (PC date for New Construction) Or Install Date if no Warranty (Use US Format mm/dd/yy) | U3: Enter the end Date for Warranty (Use US Format mm/dd/yy) | V3: Specify the software version of the device (e.g. xxxxxx) | W3: Specify the Default Firmware Version of the device when installed on the project. (E.g. 2.3.0.1) | X3: Specify the Upgraded Firmware Version of the device if upgraded during the project. (Note: Any new firmware requires qualification) (E.g. 2.3.2.5) | Y3: Specify the control protocol(s) used by the device. (E.g. BACnet IP & MQTT) If there are multiple protocols used by the Device, add them to the comments column | Z3: Specify the BACnet Address of the device if the device supports BACnet Protocol. (E.g. 123456) | AA3: Specify the Network Number configured for the device if the device supports BACnet Protocol. (E.g. 1) (Note: This should be as per manufacturer's guidance)) | AB3: Specify the Modbus ID of the device if the device supports Modbus Protocol. (E.g. 10,11,12) | AC3: Specify the Neuron ID of the device if the device supports LONWorks Protocol. (E.g. 04ab345dfk97) | AD3: Specify the Device ID for devices such as DALI, MBUS, BACNet MSTP "MAC" Address or any other ID that would be useful to record. Max 30 Characters. | AE3: Enter Corphosting State Corphosted: Corphosting complete None:- No Corphosting Required Add: create a Corphosting request Modify: Corphosting needs changing Delete: Remove Corphosting | AF3: Specify the Ethernet MAC Address of the device. (E.g. 1A:2B:3C:4D:5E:6F) **Required for hosting the device on Google GEN network** | AG3: HostName Auto Generated from Building Name and QR Code Asset Name | AH3: Specify the Private IP Address used for commissioning the device on a private network. (E.g. 192.168.10.1) | AI3: Specify the Private Subnet Mask used for commissioning the device on a private network. (E.g. 255.255.255.0) | AJ3: Specify the default gateway used for commissioning the device on a private network. (E.g. 192.168.0.1) | AK3: This information will be supplied by EFIM-Ops when the devices are provisioned. DHCP assigned Corp IP Address should be entered here. Devices should not be assigned a static IP address (E.g. 172.28.68.1) | AL3: This information will be supplied by EFIM-Ops when the devices are provisioned and it should be documented here. Specify the Corp Subnet Mask assigned the device by the DHCP Server on the Corp Network. (E.g. 255.254.0.0) | AM3: Specify whether PoE is required and which standard (E.g. None, PoE, PoE+) Supported Types: IEEE 802.3af (a.k.a PoE Type 1) up to 15.4 watts IEEE 802.3at (a.k.a PoE+ or PoE Type 2) up to 30 watts Note: UPOE+ for specific use cases ONLY, pending review and approval. | AN3: Specify the Location or panel number (marked up on floorscope of GDesign) for the switch this particular device is connected to. (E.g. IDF-01-01) | AO3: Specify the Switch Name to which the device is connected. (E.g. LABSW1-2-3) Note: Un-managed may not be labelled, note the make instead. | AP3: Specify the Switch Port ID to which the device is connected. (E.g.12) | AQ3: Specify the Jack Label Number to which the device is connected. (E.g. BMS1.2-034) | AR3: Specify if the device is a Primary Device or Secondary Device TO ANY OTHER DEVICE. Secondary is controlled by a Primary (E.g. Primary TO XYZ, Secondary TO XYZ ) | AS3: Specify the Protocol(s) & Ports used by the device for peer-to-peer comms. (E.g. Port:Service:Protocol) | AT3: Specify the Endpoint/s the device communicates to for peer-to-peer comms. (E.g. Controller Name or Headend PC) | AU3: Specify the IP Packet Transmission method used by the device communicates for peer-to-peer comms. (E.g. Unicast, MultiCast, Broadcast) | AV3: Specify whether MQTT has been implemented on the device? (E.g. Yes/No) | AW3: If the device is a secondary device on a serial network, specify the primary controller it reports to (E.g. HLI-1) | AX3: Specify the device connection type to cloud? (E.g. Gateway device/Direct Device/Proxied Device) | AY3: FM to confirm Condition of equipment. (E.g.Excellent, Good, Fair, Poor, Offline) | AZ3: FM to enter the maintenance provider for the equipment (E.g.Acme Controls, Sauter, AAA Lighting Solutions) | BA3: FM to enter the expected life expectancy. (in years E.g.5, 10, 20. Integers only) | BB3: Specify if the device has been put through device qualification process . (E.g. Yes/No) | BC3: Provide a link to the drive folder for the site where any relevant photos are stored (E.g. http://drive.google.com/ghoaiab7rgai4 PASTE FILE LINK URL DIRECTLY TO CELL, DO NOT LINK CELL TO URL) | BD3: Select which Google partner is the device owner. (E.g. WS/Facilities, Food, GFit, Events, GEN, BOPS/AV, SecOps, Landlord, Unknown, Other) | BE3: Provide any comments if applicable. | BF3: This column represents the "device type" for IP devices. Only used for corphosting <manufacturer>_<model> | BG3: This column represents a Device Lookup ID to link to the device types tab
A4: No. | B4: System | C4: Device/Asset role name (asset.name) | D4: User Defined Device Name | E4: Device / Asset Manufacturer | F4: Device / Asset Model (manufacturer) | G4: Device / Asset Rank | H4: Communication Type | I4: Asset Function | J4: Floor | K4: Location | L4: Panel Reference | M4: Manufacturer Provided Device / Asset Serial Number | N4: Device / Asset Status | O4: QR Code Applied? | P4: Human readable QR code | Q4: GUID | R4: QR Code Payload | S4: Installers Name | T4: Warranty Start Date/ Install Date | U4: Warranty End Date | V4: Device / Asset Software (OS) Version | W4: Default Firmware Version | X4: Current Firmware Version | Y4: Protocol | Z4: BACNet Device Number | AA4: Bacnet Network Number | AB4: Modbus Address | AC4: Neuron ID | AD4: Device ID & Any Other Information | AE4: CorpHosting | AF4: Ethernet MAC Address | AG4: Assigned Hostname | AH4: Private IP Address | AI4: Private Subnet Mask | AJ4: Private Gateway | AK4: Corp IP Address | AL4: Corp IP Subnet Mask (Netblock) | AM4: Power over Ethernet | AN4: Switch Location | AO4: Switch Name | AP4: Switch Port ID | AQ4: Jack Label | AR4: Primary/Secondary | AS4: Protocol/s & Ports | AT4: Endpoint/s | AU4: IP Packet Transmission | AV4: MQTT Implemented | AW4: Serial Relationships | AX4: Device Connection Type | AY4: Condition Assessment | AZ4: Maintenance Provider | BA4: Expected Lifespan | BB4: Device / Asset Qualified | BC4: Photos/Snapshots - Link to Device Photo | BD4: Device Owner | BE4: Comments | BF4: Corphosting Device Types | BG4: Device Lookup ID with Firmware
A5: 1 | B5: Building Management System | C5: DDC-201 | D5: DDC-201 | E5: SAUTER | F5: EY-RC504FXXX | G5: Standard | H5: IP (Wired GEN BOS-IoT) | I5: DDC | J5: B3 | K5: B3V08 | L5: HVACCP-201 | M5: 411001239390 | N5: Active | O5: Yes | P5: =CONCATENATE("IN-BLR-ANANTA-",C5,"_",J5) -> IN-BLR-ANANTA-DDC-201_B3 | Q5: uuid://623aa24f-fcb2-449d-b411-c0aae1f7599f | R5: =IFS(C5="","",C5="n/a","N/A",LEN(C5),Concatenate("{",char(34),"asset",char(34),":{",char(34),"guid",char(34),":",char(34),Q5,char(34),",",char(34),"site",char(34),":",char(34),LOWER('2-Building'!$B$4),char(34),",",char(34),"name",char(34),":",char(34),LOWER(C5),char(34),"}}")) -> {"asset":{"guid":"uuid://623aa24f-fcb2-449d-b411-c0aae1f7599f","site":"in-blr-ananta","name":"ddc-201"}} | S5: Eneffen | V5: 2.23 | W5: V3.4 | X5: 5.0.1 | Y5: BACnet IP | Z5: 14001 | AA5: 11501 | AE5: Corphosted | AF5: 5C:C2:13:05:DA:58 | AG5: =IFS(LEN(AF5)=17,LOWER('2-Building'!$B$4 & "-" & C5), AF5="N/A", "N/A", LEN(AF5)=0,"") -> in-blr-ananta-ddc-201 | AK5: 100.95.214.178 | AL5: 255.255.240.0 | AM5: None | AR5: Primary | AS5: BACnet,47808 | AT5: DDC-1 | AU5: Unicast | AV5: No | AW5: N/A | AX5: Gateway Device | AY5: Good | AZ5: Eneffen | BA5: 10 | BB5: Yes | BD5: Landlord | BE5: Basebuilder System and connected on Gen Network | BF5: =IFERROR(__xludf.DUMMYFUNCTION("LOWER(Regexreplace(to_text(E5),""[^A-Za-z0-9]"","""")&""_""&Regexreplace(to_text(F5),""[^A-Za-z0-9]"",""""))"),"sauter_eyrc504fxxx") -> sauter_eyrc504fxxx | BG5: =IFERROR(__xludf.DUMMYFUNCTION("upper(Regexreplace(to_text(E5),""[^A-Za-z0-9]"","""")&""-""&Regexreplace(to_text(F5),""[^A-Za-z0-9]"",""""))"),"SAUTER-EYRC504FXXX") -> SAUTER-EYRC504FXXX
A6: 2 | B6: Building Management System | C6: DDC-202 | D6: DDC-202 | E6: SAUTER | F6: EY-RC504FXXX | G6: Standard | H6: IP (Wired GEN BOS-IoT) | I6: DDC | J6: B3 | K6: B3V08 | L6: HVACCP-201 | M6: 411001235150 | N6: Active | O6: Yes | P6: =CONCATENATE("IN-BLR-ANANTA-",C6,"_",J6) -> IN-BLR-ANANTA-DDC-202_B3 | Q6: uuid://798bc407-23a3-4137-8f8a-46574963c835 | R6: =IFS(C6="","",C6="n/a","N/A",LEN(C6),Concatenate("{",char(34),"asset",char(34),":{",char(34),"guid",char(34),":",char(34),Q6,char(34),",",char(34),"site",char(34),":",char(34),LOWER('2-Building'!$B$4),char(34),",",char(34),"name",char(34),":",char(34),LOWER(C6),char(34),"}}")) -> {"asset":{"guid":"uuid://798bc407-23a3-4137-8f8a-46574963c835","site":"in-blr-ananta","name":"ddc-202"}} | S6: Eneffen | V6: 2.23 | W6: V3.4 | X6: 5.0.1 | Y6: BACnet IP | Z6: 14002 | AA6: 11501 | AE6: Corphosted | AF6: 5C:C2:13:05:DD:6C | AG6: =IFS(LEN(AF6)=17,LOWER('2-Building'!$B$4 & "-" & C6), AF6="N/A", "N/A", LEN(AF6)=0,"") -> in-blr-ananta-ddc-202 | AK6: 100.95.214.200 | AL6: 255.255.240.0 | AM6: None | AR6: Primary | AS6: BACnet,47808 | AT6: HLI-101 | AU6: Unicast | AV6: No | AW6: N/A | AX6: Gateway Device | AY6: Good | AZ6: Eneffen | BA6: 10 | BB6: Yes | BD6: Landlord | BE6: Basebuilder System and connected on Gen Network | BF6: =IFERROR(__xludf.DUMMYFUNCTION("LOWER(Regexreplace(to_text(E6),""[^A-Za-z0-9]"","""")&""_""&Regexreplace(to_text(F6),""[^A-Za-z0-9]"",""""))"),"sauter_eyrc504fxxx") -> sauter_eyrc504fxxx | BG6: =IFERROR(__xludf.DUMMYFUNCTION("upper(Regexreplace(to_text(E6),""[^A-Za-z0-9]"","""")&""-""&Regexreplace(to_text(F6),""[^A-Za-z0-9]"",""""))"),"SAUTER-EYRC504FXXX") -> SAUTER-EYRC504FXXX
A7: 3 | B7: Building Management System | C7: DDC-203 | D7: DDC-203 | E7: SAUTER | F7: EY-RC504FXXX | G7: Standard | H7: IP (Wired GEN BOS-IoT) | I7: DDC | J7: B3 | K7: B3V08 | L7: HVACCP-202 | M7: 411001359983 | N7: Active | O7: Yes | P7: =CONCATENATE("IN-BLR-ANANTA-",C7,"_",J7) -> IN-BLR-ANANTA-DDC-203_B3 | Q7: uuid://e2145a43-9f4c-452b-b41f-57bcd01c89c9 | R7: =IFS(C7="","",C7="n/a","N/A",LEN(C7),Concatenate("{",char(34),"asset",char(34),":{",char(34),"guid",char(34),":",char(34),Q7,char(34),",",char(34),"site",char(34),":",char(34),LOWER('2-Building'!$B$4),char(34),",",char(34),"name",char(34),":",char(34),LOWER(C7),char(34),"}}")) -> {"asset":{"guid":"uuid://e2145a43-9f4c-452b-b41f-57bcd01c89c9","site":"in-blr-ananta","name":"ddc-203"}} | S7: Eneffen | V7: 2.23 | W7: V3.4 | X7: 5.0.1 | Y7: BACnet IP | Z7: 14003 | AA7: 11501 | AE7: Corphosted | AF7: 5C:C2:13:06:8D:77 | AG7: =IFS(LEN(AF7)=17,LOWER('2-Building'!$B$4 & "-" & C7), AF7="N/A", "N/A", LEN(AF7)=0,"") -> in-blr-ananta-ddc-203 | AK7: 100.95.214.207 | AL7: 255.255.240.0 | AM7: None | AR7: Primary | AS7: BACnet,47808 | AT7: HLI-101 | AU7: Unicast | AV7: No | AW7: N/A | AX7: Gateway Device | AY7: Good | AZ7: Eneffen | BA7: 10 | BB7: Yes | BD7: Landlord | BE7: Basebuilder System and connected on Gen Network | BF7: =IFERROR(__xludf.DUMMYFUNCTION("LOWER(Regexreplace(to_text(E7),""[^A-Za-z0-9]"","""")&""_""&Regexreplace(to_text(F7),""[^A-Za-z0-9]"",""""))"),"sauter_eyrc504fxxx") -> sauter_eyrc504fxxx | BG7: =IFERROR(__xludf.DUMMYFUNCTION("upper(Regexreplace(to_text(E7),""[^A-Za-z0-9]"","""")&""-""&Regexreplace(to_text(F7),""[^A-Za-z0-9]"",""""))"),"SAUTER-EYRC504FXXX") -> SAUTER-EYRC504FXXX
A8: 4 | B8: Building Management System | C8: DDC-204 | D8: DDC-204 | E8: SAUTER | F8: EY-RC504FXXX | G8: Standard | H8: IP (Wired GEN BOS-IoT) | I8: DDC | J8: B2 | K8: B207 | L8: HVACCP-203 | M8: 411001359577 | N8: Active | O8: Yes | P8: =CONCATENATE("IN-BLR-ANANTA-",C8,"_",J8) -> IN-BLR-ANANTA-DDC-204_B2 | Q8: uuid://815b19a3-96f5-4fd5-8b77-7e10541a6811 | R8: =IFS(C8="","",C8="n/a","N/A",LEN(C8),Concatenate("{",char(34),"asset",char(34),":{",char(34),"guid",char(34),":",char(34),Q8,char(34),",",char(34),"site",char(34),":",char(34),LOWER('2-Building'!$B$4),char(34),",",char(34),"name",char(34),":",char(34),LOWER(C8),char(34),"}}")) -> {"asset":{"guid":"uuid://815b19a3-96f5-4fd5-8b77-7e10541a6811","site":"in-blr-ananta","name":"ddc-204"}} | S8: Eneffen | V8: 2.23 | W8: V3.4 | X8: 5.0.1 | Y8: BACnet IP | Z8: 14004 | AA8: 11501 | AE8: Corphosted | AF8: 5C:C2:13:06:87:66 | AG8: =IFS(LEN(AF8)=17,LOWER('2-Building'!$B$4 & "-" & C8), AF8="N/A", "N/A", LEN(AF8)=0,"") -> in-blr-ananta-ddc-204 | AK8: 100.95.214.199 | AL8: 255.255.240.0 | AM8: None | AR8: Primary | AS8: BACnet,47808 | AT8: HLI-101 | AU8: Unicast | AV8: No | AW8: N/A | AX8: Gateway Device | AY8: Good | AZ8: Eneffen | BA8: 10 | BB8: Yes | BD8: Landlord | BE8: Basebuilder System and connected on Gen Network | BF8: =IFERROR(__xludf.DUMMYFUNCTION("LOWER(Regexreplace(to_text(E8),""[^A-Za-z0-9]"","""")&""_""&Regexreplace(to_text(F8),""[^A-Za-z0-9]"",""""))"),"sauter_eyrc504fxxx") -> sauter_eyrc504fxxx | BG8: =IFERROR(__xludf.DUMMYFUNCTION("upper(Regexreplace(to_text(E8),""[^A-Za-z0-9]"","""")&""-""&Regexreplace(to_text(F8),""[^A-Za-z0-9]"",""""))"),"SAUTER-EYRC504FXXX") -> SAUTER-EYRC504FXXX
A9: 5 | B9: Building Management System | C9: DDC-205 | D9: DDC-205 | E9: SAUTER | F9: EY-RC504FXXX | G9: Standard | H9: IP (Wired GEN BOS-IoT) | I9: DDC | J9: B2 | K9: B207 | L9: HVACCP-204 | M9: 411001359983 | N9: Active | O9: Yes | P9: =CONCATENATE("IN-BLR-ANANTA-",C9,"_",J9) -> IN-BLR-ANANTA-DDC-205_B2 | Q9: uuid://88a7e6e1-4067-4025-9497-a7b066e9a6f6 | R9: =IFS(C9="","",C9="n/a","N/A",LEN(C9),Concatenate("{",char(34),"asset",char(34),":{",char(34),"guid",char(34),":",char(34),Q9,char(34),",",char(34),"site",char(34),":",char(34),LOWER('2-Building'!$B$4),char(34),",",char(34),"name",char(34),":",char(34),LOWER(C9),char(34),"}}")) -> {"asset":{"guid":"uuid://88a7e6e1-4067-4025-9497-a7b066e9a6f6","site":"in-blr-ananta","name":"ddc-205"}} | S9: Eneffen | V9: 2.23 | W9: V3.4 | X9: 5.0.1 | Y9: BACnet IP | Z9: 14005 | AA9: 11501 | AE9: Corphosted | AF9: 5C:C2:13:05:DA:45 | AG9: =IFS(LEN(AF9)=17,LOWER('2-Building'!$B$4 & "-" & C9), AF9="N/A", "N/A", LEN(AF9)=0,"") -> in-blr-ananta-ddc-205 | AK9: 100.95.214.179 | AL9: 255.255.240.0 | AM9: None | AR9: Primary | AS9: BACnet,47808 | AT9: DDC-1 | AU9: Unicast | AV9: No | AW9: N/A | AX9: Gateway Device | AY9: Good | AZ9: Eneffen | BA9: 10 | BB9: Yes | BD9: Landlord | BE9: Basebuilder System and connected on Gen Network | BF9: =IFERROR(__xludf.DUMMYFUNCTION("LOWER(Regexreplace(to_text(E9),""[^A-Za-z0-9]"","""")&""_""&Regexreplace(to_text(F9),""[^A-Za-z0-9]"",""""))"),"sauter_eyrc504fxxx") -> sauter_eyrc504fxxx | BG9: =IFERROR(__xludf.DUMMYFUNCTION("upper(Regexreplace(to_text(E9),""[^A-Za-z0-9]"","""")&""-""&Regexreplace(to_text(F9),""[^A-Za-z0-9]"",""""))"),"SAUTER-EYRC504FXXX") -> SAUTER-EYRC504FXXX
A10: 6 | B10: Building Management System | C10: DDC-206 | D10: DDC-206 | E10: SAUTER | F10: EY-RC504FXXX | G10: Standard | H10: IP (Wired GEN BOS-IoT) | I10: DDC | J10: B2 | K10: B209 | L10: HVACCP-205 | M10: 411001360022 | N10: Active | O10: Yes | P10: =CONCATENATE("IN-BLR-ANANTA-",C10,"_",J10) -> IN-BLR-ANANTA-DDC-206_B2 | Q10: uuid://651ca8e1-1d12-4d21-9040-97b089d55d78 | R10: =IFS(C10="","",C10="n/a","N/A",LEN(C10),Concatenate("{",char(34),"asset",char(34),":{",char(34),"guid",char(34),":",char(34),Q10,char(34),",",char(34),"site",char(34),":",char(34),LOWER('2-Building'!$B$4),char(34),",",char(34),"name",char(34),":",char(34),LOWER(C10),char(34),"}}")) -> {"asset":{"guid":"uuid://651ca8e1-1d12-4d21-9040-97b089d55d78","site":"in-blr-ananta","name":"ddc-206"}} | S10: Eneffen | V10: 2.23 | W10: V3.4 | X10: 5.0.1 | Y10: BACnet IP | Z10: 14006 | AA10: 11501 | AE10: Corphosted | AF10: 5C:C2:13:06:85:DD | AG10: =IFS(LEN(AF10)=17,LOWER('2-Building'!$B$4 & "-" & C10), AF10="N/A", "N/A", LEN(AF10)=0,"") -> in-blr-ananta-ddc-206 | AK10: 100.95.214.164 | AL10: 255.255.240.0 | AM10: None | AR10: Primary | AS10: BACnet,47808 | AT10: HLI-101 | AU10: Unicast | AV10: No | AW10: N/A | AX10: Gateway Device | AY10: Good | AZ10: Eneffen | BA10: 10 | BB10: Yes | BD10: Landlord | BE10: Basebuilder System and connected on Gen Network | BF10: =IFERROR(__xludf.DUMMYFUNCTION("LOWER(Regexreplace(to_text(E10),""[^A-Za-z0-9]"","""")&""_""&Regexreplace(to_text(F10),""[^A-Za-z0-9]"",""""))"),"sauter_eyrc504fxxx") -> sauter_eyrc504fxxx | BG10: =IFERROR(__xludf.DUMMYFUNCTION("upper(Regexreplace(to_text(E10),""[^A-Za-z0-9]"","""")&""-""&Regexreplace(to_text(F10),""[^A-Za-z0-9]"",""""))"),"SAUTER-EYRC504FXXX") -> SAUTER-EYRC504FXXX
A11: 7 | B11: Building Management System | C11: DDC-207 | D11: DDC-207 | E11: SAUTER | F11: EY-RC504FXXX | G11: Standard | H11: IP (Wired GEN BOS-IoT) | I11: DDC | J11: B1 | K11: B125 | L11: HVACCP-206 | M11: 411001359644 | N11: Active | O11: Yes | P11: =CONCATENATE("IN-BLR-ANANTA-",C11,"_",J11) -> IN-BLR-ANANTA-DDC-207_B1 | Q11: uuid://2be1cc97-0df4-463e-8500-a803e1ecfe00 | R11: =IFS(C11="","",C11="n/a","N/A",LEN(C11),Concatenate("{",char(34),"asset",char(34),":{",char(34),"guid",char(34),":",char(34),Q11,char(34),",",char(34),"site",char(34),":",char(34),LOWER('2-Building'!$B$4),char(34),",",char(34),"name",char(34),":",char(34),LOWER(C11),char(34),"}}")) -> {"asset":{"guid":"uuid://2be1cc97-0df4-463e-8500-a803e1ecfe00","site":"in-blr-ananta","name":"ddc-207"}} | S11: Eneffen | V11: 2.23 | W11: V3.4 | X11: 5.0.1 | Y11: BACnet IP | Z11: 14007 | AA11: 11501 | AE11: Corphosted | AF11: 5C:C2:13:06:8D:86 | AG11: =IFS(LEN(AF11)=17,LOWER('2-Building'!$B$4 & "-" & C11), AF11="N/A", "N/A", LEN(AF11)=0,"") -> in-blr-ananta-ddc-207 | AK11: 100.95.214.228 | AL11: 255.255.240.0 | AM11: None | AR11: Primary | AS11: BACnet,47808 | AT11: DDC-2 | AU11: Unicast | AV11: No | AW11: N/A | AX11: Gateway Device | AY11: Good | AZ11: Eneffen | BA11: 10 | BB11: Yes | BD11: Landlord | BE11: Basebuilder System and connected on Gen Network | BF11: =IFERROR(__xludf.DUMMYFUNCTION("LOWER(Regexreplace(to_text(E11),""[^A-Za-z0-9]"","""")&""_""&Regexreplace(to_text(F11),""[^A-Za-z0-9]"",""""))"),"sauter_eyrc504fxxx") -> sauter_eyrc504fxxx | BG11: =IFERROR(__xludf.DUMMYFUNCTION("upper(Regexreplace(to_text(E11),""[^A-Za-z0-9]"","""")&""-""&Regexreplace(to_text(F11),""[^A-Za-z0-9]"",""""))"),"SAUTER-EYRC504FXXX") -> SAUTER-EYRC504FXXX
A12: 8 | B12: Building Management System | C12: DDC-208 | D12: DDC-208 | E12: SAUTER | F12: EY-RC504FXXX | G12: Standard | H12: IP (Wired GEN BOS-IoT) | I12: DDC | J12: B1 | K12: B125 | L12: HVACCP-206 | M12: 411001359578 | N12: Active | O12: Yes | P12: =CONCATENATE("IN-BLR-ANANTA-",C12,"_",J12) -> IN-BLR-ANANTA-DDC-208_B1 | Q12: uuid://43f4fe80-a067-4c2b-b53c-12a57fe1c272 | R12: =IFS(C12="","",C12="n/a","N/A",LEN(C12),Concatenate("{",char(34),"asset",char(34),":{",char(34),"guid",char(34),":",char(34),Q12,char(34),",",char(34),"site",char(34),":",char(34),LOWER('2-Building'!$B$4),char(34),",",char(34),"name",char(34),":",char(34),LOWER(C12),char(34),"}}")) -> {"asset":{"guid":"uuid://43f4fe80-a067-4c2b-b53c-12a57fe1c272","site":"in-blr-ananta","name":"ddc-208"}} | S12: Eneffen | V12: 2.23 | W12: V3.4 | X12: 5.0.1 | Y12: BACnet IP | Z12: 14008 | AA12: 11501 | AE12: Corphosted | AF12: 5C:C2:13:06:87:7D | AG12: =IFS(LEN(AF12)=17,LOWER('2-Building'!$B$4 & "-" & C12), AF12="N/A", "N/A", LEN(AF12)=0,"") -> in-blr-ananta-ddc-208 | AK12: 100.95.214.216 | AL12: 255.255.240.0 | AM12: None | AR12: Primary | AS12: BACnet,47808 | AT12: DDC-2 | AU12: Unicast | AV12: No | AW12: N/A | AX12: Gateway Device | AY12: Good | AZ12: Eneffen | BA12: 10 | BB12: Yes | BD12: Landlord | BE12: Basebuilder System and connected on Gen Network | BF12: =IFERROR(__xludf.DUMMYFUNCTION("LOWER(Regexreplace(to_text(E12),""[^A-Za-z0-9]"","""")&""_""&Regexreplace(to_text(F12),""[^A-Za-z0-9]"",""""))"),"sauter_eyrc504fxxx") -> sauter_eyrc504fxxx | BG12: =IFERROR(__xludf.DUMMYFUNCTION("upper(Regexreplace(to_text(E12),""[^A-Za-z0-9]"","""")&""-""&Regexreplace(to_text(F12),""[^A-Za-z0-9]"",""""))"),"SAUTER-EYRC504FXXX") -> SAUTER-EYRC504FXXX
A13: 9 | B13: Building Management System | C13: DDC-209 | D13: DDC-209 | E13: SAUTER | F13: EY-RC504FXXX | G13: Standard | H13: IP (Wired GEN BOS-IoT) | I13: DDC | J13: G | K13: G63 | L13: HVACCP-207 | M13: 411001239379 | N13: Active | O13: Yes | P13: =CONCATENATE("IN-BLR-ANANTA-",C13,"_",J13) -> IN-BLR-ANANTA-DDC-209_G | Q13: uuid://5174e770-2b78-4273-bf77-cba49cb32760 | R13: =IFS(C13="","",C13="n/a","N/A",LEN(C13),Concatenate("{",char(34),"asset",char(34),":{",char(34),"guid",char(34),":",char(34),Q13,char(34),",",char(34),"site",char(34),":",char(34),LOWER('2-Building'!$B$4),char(34),",",char(34),"name",char(34),":",char(34),LOWER(C13),char(34),"}}")) -> {"asset":{"guid":"uuid://5174e770-2b78-4273-bf77-cba49cb32760","site":"in-blr-ananta","name":"ddc-209"}} | S13: Eneffen | V13: 2.23 | W13: V3.4 | X13: 5.0.1 | Y13: BACnet IP | Z13: 14009 | AA13: 11501 | AE13: Corphosted | AF13: 5C:C2:13:05:DB:D6 | AG13: =IFS(LEN(AF13)=17,LOWER('2-Building'!$B$4 & "-" & C13), AF13="N/A", "N/A", LEN(AF13)=0,"") -> in-blr-ananta-ddc-209 | AK13: 100.95.214.198 | AL13: 255.255.240.0 | AM13: None | AR13: Primary | AS13: BACnet,47808 | AT13: HLI-102 | AU13: Unicast | AV13: No | AW13: N/A | AX13: Gateway Device | AY13: Good | AZ13: Eneffen | BA13: 10 | BB13: Yes | BD13: Landlord | BE13: Basebuilder System and connected on Gen Network | BF13: =IFERROR(__xludf.DUMMYFUNCTION("LOWER(Regexreplace(to_text(E13),""[^A-Za-z0-9]"","""")&""_""&Regexreplace(to_text(F13),""[^A-Za-z0-9]"",""""))"),"sauter_eyrc504fxxx") -> sauter_eyrc504fxxx | BG13: =IFERROR(__xludf.DUMMYFUNCTION("upper(Regexreplace(to_text(E13),""[^A-Za-z0-9]"","""")&""-""&Regexreplace(to_text(F13),""[^A-Za-z0-9]"",""""))"),"SAUTER-EYRC504FXXX") -> SAUTER-EYRC504FXXX
A14: 10 | B14: Building Management System | C14: DDC-210 | D14: DDC-210 | E14: SAUTER | F14: EY-RC504FXXX | G14: Standard | H14: IP (Wired GEN BOS-IoT) | I14: DDC | J14: G | K14: G63 | L14: HVACCP-207 | M14: 411001237966 | N14: Active | O14: Yes | P14: =CONCATENATE("IN-BLR-ANANTA-",C14,"_",J14) -> IN-BLR-ANANTA-DDC-210_G | Q14: uuid://deafe2b8-42ec-45ca-b993-9f1bf39af856 | R14: =IFS(C14="","",C14="n/a","N/A",LEN(C14),Concatenate("{",char(34),"asset",char(34),":{",char(34),"guid",char(34),":",char(34),Q14,char(34),",",char(34),"site",char(34),":",char(34),LOWER('2-Building'!$B$4),char(34),",",char(34),"name",char(34),":",char(34),LOWER(C14),char(34),"}}")) -> {"asset":{"guid":"uuid://deafe2b8-42ec-45ca-b993-9f1bf39af856","site":"in-blr-ananta","name":"ddc-210"}} | S14: Eneffen | V14: 2.23 | W14: V3.4 | X14: 5.0.1 | Y14: BACnet IP | Z14: 14010 | AA14: 11501 | AE14: Corphosted | AF14: 5C:C2:13:05:DB:90 | AG14: =IFS(LEN(AF14)=17,LOWER('2-Building'!$B$4 & "-" & C14), AF14="N/A", "N/A", LEN(AF14)=0,"") -> in-blr-ananta-ddc-210 | AK14: 100.95.214.195 | AL14: 255.255.240.0 | AM14: None | AR14: Primary | AS14: BACnet,47808 | AT14: HLI-102 | AU14: Unicast | AV14: No | AW14: N/A | AX14: Gateway Device | AY14: Good | AZ14: Eneffen | BA14: 10 | BB14: Yes | BD14: Landlord | BE14: Basebuilder System and connected on Gen Network | BF14: =IFERROR(__xludf.DUMMYFUNCTION("LOWER(Regexreplace(to_text(E14),""[^A-Za-z0-9]"","""")&""_""&Regexreplace(to_text(F14),""[^A-Za-z0-9]"",""""))"),"sauter_eyrc504fxxx") -> sauter_eyrc504fxxx | BG14: =IFERROR(__xludf.DUMMYFUNCTION("upper(Regexreplace(to_text(E14),""[^A-Za-z0-9]"","""")&""-""&Regexreplace(to_text(F14),""[^A-Za-z0-9]"",""""))"),"SAUTER-EYRC504FXXX") -> SAUTER-EYRC504FXXX
A15: 11 | B15: Building Management System | C15: DDC-211 | D15: DDC-211 | E15: SAUTER | F15: EY-RC504FXXX | G15: Standard | H15: IP (Wired GEN BOS-IoT) | I15: DDC | J15: G | K15: G63 | L15: HVACCP-208 | M15: 411001239280 | N15: Active | O15: Yes | P15: =CONCATENATE("IN-BLR-ANANTA-",C15,"_",J15) -> IN-BLR-ANANTA-DDC-211_G | Q15: uuid://414db277-aae3-47a4-9289-9e148598b93c | R15: =IFS(C15="","",C15="n/a","N/A",LEN(C15),Concatenate("{",char(34),"asset",char(34),":{",char(34),"guid",char(34),":",char(34),Q15,char(34),",",char(34),"site",char(34),":",char(34),LOWER('2-Building'!$B$4),char(34),",",char(34),"name",char(34),":",char(34),LOWER(C15),char(34),"}}")) -> {"asset":{"guid":"uuid://414db277-aae3-47a4-9289-9e148598b93c","site":"in-blr-ananta","name":"ddc-211"}} | S15: Eneffen | V15: 2.23 | W15: V3.4 | X15: 5.0.1 | Y15: BACnet IP | Z15: 14011 | AA15: 11501 | AE15: Corphosted | AF15: 5C:C2:13:05:DB:8A | AG15: =IFS(LEN(AF15)=17,LOWER('2-Building'!$B$4 & "-" & C15), AF15="N/A", "N/A", LEN(AF15)=0,"") -> in-blr-ananta-ddc-211 | AK15: 100.95.214.249 | AL15: 255.255.240.0 | AM15: None | AR15: Primary | AS15: BACnet,47808 | AT15: HLI-102 | AU15: Unicast | AV15: No | AW15: N/A | AX15: Gateway Device | AY15: Good | AZ15: Eneffen | BA15: 10 | BB15: Yes | BD15: Landlord | BE15: Basebuilder System and connected on Gen Network | BF15: =IFERROR(__xludf.DUMMYFUNCTION("LOWER(Regexreplace(to_text(E15),""[^A-Za-z0-9]"","""")&""_""&Regexreplace(to_text(F15),""[^A-Za-z0-9]"",""""))"),"sauter_eyrc504fxxx") -> sauter_eyrc504fxxx | BG15: =IFERROR(__xludf.DUMMYFUNCTION("upper(Regexreplace(to_text(E15),""[^A-Za-z0-9]"","""")&""-""&Regexreplace(to_text(F15),""[^A-Za-z0-9]"",""""))"),"SAUTER-EYRC504FXXX") -> SAUTER-EYRC504FXXX
A16: 12 | B16: Building Management System | C16: DDC-212 | D16: DDC-212 | E16: SAUTER | F16: EY-RC504FXXX | G16: Standard | H16: IP (Wired GEN BOS-IoT) | I16: DDC | J16: G | K16: G63 | L16: HVACCP-208 | M16: 411001239370 | N16: Active | O16: Yes | P16: =CONCATENATE("IN-BLR-ANANTA-",C16,"_",J16) -> IN-BLR-ANANTA-DDC-212_G | Q16: uuid://2d253e85-4b7c-4724-8373-fa4f95452b07 | R16: =IFS(C16="","",C16="n/a","N/A",LEN(C16),Concatenate("{",char(34),"asset",char(34),":{",char(34),"guid",char(34),":",char(34),Q16,char(34),",",char(34),"site",char(34),":",char(34),LOWER('2-Building'!$B$4),char(34),",",char(34),"name",char(34),":",char(34),LOWER(C16),char(34),"}}")) -> {"asset":{"guid":"uuid://2d253e85-4b7c-4724-8373-fa4f95452b07","site":"in-blr-ananta","name":"ddc-212"}} | S16: Eneffen | V16: 2.23 | W16: V3.4 | X16: 5.0.1 | Y16: BACnet IP | Z16: 14012 | AA16: 11501 | AE16: Corphosted | AF16: 5C:C2:13:05:DB:D3 | AG16: =IFS(LEN(AF16)=17,LOWER('2-Building'!$B$4 & "-" & C16), AF16="N/A", "N/A", LEN(AF16)=0,"") -> in-blr-ananta-ddc-212 | AK16: 100.95.214.172 | AL16: 255.255.240.0 | AM16: None | AR16: Primary | AS16: BACnet,47808 | AT16: HLI-102 | AU16: Unicast | AV16: No | AW16: N/A | AX16: Gateway Device | AY16: Good | AZ16: Eneffen | BA16: 10 | BB16: Yes | BD16: Landlord | BE16: Basebuilder System and connected on Gen Network | BF16: =IFERROR(__xludf.DUMMYFUNCTION("LOWER(Regexreplace(to_text(E16),""[^A-Za-z0-9]"","""")&""_""&Regexreplace(to_text(F16),""[^A-Za-z0-9]"",""""))"),"sauter_eyrc504fxxx") -> sauter_eyrc504fxxx | BG16: =IFERROR(__xludf.DUMMYFUNCTION("upper(Regexreplace(to_text(E16),""[^A-Za-z0-9]"","""")&""-""&Regexreplace(to_text(F16),""[^A-Za-z0-9]"",""""))"),"SAUTER-EYRC504FXXX") -> SAUTER-EYRC504FXXX
A17: 13 | B17: Building Management System | C17: DDC-213 | D17: DDC-213 | E17: SAUTER | F17: EY-RC504FXXX | G17: Standard | H17: IP (Wired GEN BOS-IoT) | I17: DDC | J17: G | K17: G63 | L17: HVACCP-209 | M17: 411001237472 | N17: Active | O17: Yes | P17: =CONCATENATE("IN-BLR-ANANTA-",C17,"_",J17) -> IN-BLR-ANANTA-DDC-213_G | Q17: uuid://7263ee0f-2395-4152-b5ce-333f9385b307 | R17: =IFS(C17="","",C17="n/a","N/A",LEN(C17),Concatenate("{",char(34),"asset",char(34),":{",char(34),"guid",char(34),":",char(34),Q17,char(34),",",char(34),"site",char(34),":",char(34),LOWER('2-Building'!$B$4),char(34),",",char(34),"name",char(34),":",char(34),LOWER(C17),char(34),"}}")) -> {"asset":{"guid":"uuid://7263ee0f-2395-4152-b5ce-333f9385b307","site":"in-blr-ananta","name":"ddc-213"}} | S17: Eneffen | V17: 2.23 | W17: V3.4 | X17: 5.0.1 | Y17: BACnet IP | Z17: 14013 | AA17: 11501 | AE17: Corphosted | AF17: 5C:C2:13:05:DA:5C | AG17: =IFS(LEN(AF17)=17,LOWER('2-Building'!$B$4 & "-" & C17), AF17="N/A", "N/A", LEN(AF17)=0,"") -> in-blr-ananta-ddc-213 | AK17: 100.95.214.255 | AL17: 255.255.240.0 | AM17: None | AR17: Primary | AS17: BACnet,47808 | AT17: HLI-102 | AU17: Unicast | AV17: No | AW17: N/A | AX17: Gateway Device | AY17: Good | AZ17: Eneffen | BA17: 10 | BB17: Yes | BD17: Landlord | BE17: Basebuilder System and connected on Gen Network | BF17: =IFERROR(__xludf.DUMMYFUNCTION("LOWER(Regexreplace(to_text(E17),""[^A-Za-z0-9]"","""")&""_""&Regexreplace(to_text(F17),""[^A-Za-z0-9]"",""""))"),"sauter_eyrc504fxxx") -> sauter_eyrc504fxxx | BG17: =IFERROR(__xludf.DUMMYFUNCTION("upper(Regexreplace(to_text(E17),""[^A-Za-z0-9]"","""")&""-""&Regexreplace(to_text(F17),""[^A-Za-z0-9]"",""""))"),"SAUTER-EYRC504FXXX") -> SAUTER-EYRC504FXXX
A18: 14 | B18: Building Management System | C18: DDC-214 | D18: DDC-214 | E18: SAUTER | F18: EY-RC504FXXX | G18: Standard | H18: IP (Wired GEN BOS-IoT) | I18: DDC | J18: G | K18: CG55 | L18: HVACCP-210 | M18: 411001239507 | N18: Active | O18: Yes | P18: =CONCATENATE("IN-BLR-ANANTA-",C18,"_",J18) -> IN-BLR-ANANTA-DDC-214_G | Q18: uuid://14b10cb6-0b0f-4e2a-94c6-04a19fdf346d | R18: =IFS(C18="","",C18="n/a","N/A",LEN(C18),Concatenate("{",char(34),"asset",char(34),":{",char(34),"guid",char(34),":",char(34),Q18,char(34),",",char(34),"site",char(34),":",char(34),LOWER('2-Building'!$B$4),char(34),",",char(34),"name",char(34),":",char(34),LOWER(C18),char(34),"}}")) -> {"asset":{"guid":"uuid://14b10cb6-0b0f-4e2a-94c6-04a19fdf346d","site":"in-blr-ananta","name":"ddc-214"}} | S18: Eneffen | V18: 2.23 | W18: V3.4 | X18: 5.0.1 | Y18: BACnet IP | Z18: 14014 | AA18: 11501 | AE18: Corphosted | AF18: 5C:C2:13:05:DC:44 | AG18: =IFS(LEN(AF18)=17,LOWER('2-Building'!$B$4 & "-" & C18), AF18="N/A", "N/A", LEN(AF18)=0,"") -> in-blr-ananta-ddc-214 | AK18: 100.95.214.242 | AL18: 255.255.240.0 | AM18: None | AR18: Primary | AS18: BACnet,47808 | AT18: HLI-102 | AU18: Unicast | AV18: No | AW18: N/A | AX18: Gateway Device | AY18: Good | AZ18: Eneffen | BA18: 10 | BB18: Yes | BD18: Landlord | BE18: Basebuilder System and connected on Gen Network | BF18: =IFERROR(__xludf.DUMMYFUNCTION("LOWER(Regexreplace(to_text(E18),""[^A-Za-z0-9]"","""")&""_""&Regexreplace(to_text(F18),""[^A-Za-z0-9]"",""""))"),"sauter_eyrc504fxxx") -> sauter_eyrc504fxxx | BG18: =IFERROR(__xludf.DUMMYFUNCTION("upper(Regexreplace(to_text(E18),""[^A-Za-z0-9]"","""")&""-""&Regexreplace(to_text(F18),""[^A-Za-z0-9]"",""""))"),"SAUTER-EYRC504FXXX") -> SAUTER-EYRC504FXXX
A19: 15 | B19: Building Management System | C19: DDC-215 | D19: DDC-215 | E19: SAUTER | F19: EY-RC504FXXX | G19: Standard | H19: IP (Wired GEN BOS-IoT) | I19: DDC | J19: G | K19: CG55 | L19: HVACCP-210 | M19: 411001239440 | N19: Active | O19: Yes | P19: =CONCATENATE("IN-BLR-ANANTA-",C19,"_",J19) -> IN-BLR-ANANTA-DDC-215_G | Q19: uuid://8e699904-0771-4a95-85f6-d3d3e0cb4f9e | R19: =IFS(C19="","",C19="n/a","N/A",LEN(C19),Concatenate("{",char(34),"asset",char(34),":{",char(34),"guid",char(34),":",char(34),Q19,char(34),",",char(34),"site",char(34),":",char(34),LOWER('2-Building'!$B$4),char(34),",",char(34),"name",char(34),":",char(34),LOWER(C19),char(34),"}}")) -> {"asset":{"guid":"uuid://8e699904-0771-4a95-85f6-d3d3e0cb4f9e","site":"in-blr-ananta","name":"ddc-215"}} | S19: Eneffen | V19: 2.23 | W19: V3.4 | X19: 5.0.1 | Y19: BACnet IP | Z19: 14015 | AA19: 11501 | AE19: Corphosted | AF19: 5C:C2:13:05:DB:D7 | AG19: =IFS(LEN(AF19)=17,LOWER('2-Building'!$B$4 & "-" & C19), AF19="N/A", "N/A", LEN(AF19)=0,"") -> in-blr-ananta-ddc-215 | AK19: 100.95.215.1 | AL19: 255.255.240.0 | AM19: None | AR19: Primary | AS19: BACnet,47808 | AT19: HLI-102 | AU19: Unicast | AV19: No | AW19: N/A | AX19: Gateway Device | AY19: Good | AZ19: Eneffen | BA19: 10 | BB19: Yes | BD19: Landlord | BE19: Basebuilder System and connected on Gen Network | BF19: =IFERROR(__xludf.DUMMYFUNCTION("LOWER(Regexreplace(to_text(E19),""[^A-Za-z0-9]"","""")&""_""&Regexreplace(to_text(F19),""[^A-Za-z0-9]"",""""))"),"sauter_eyrc504fxxx") -> sauter_eyrc504fxxx | BG19: =IFERROR(__xludf.DUMMYFUNCTION("upper(Regexreplace(to_text(E19),""[^A-Za-z0-9]"","""")&""-""&Regexreplace(to_text(F19),""[^A-Za-z0-9]"",""""))"),"SAUTER-EYRC504FXXX") -> SAUTER-EYRC504FXXX
A20: 16 | B20: Building Management System | C20: DDC-216 | D20: DDC-216 | E20: SAUTER | F20: EY-RC504FXXX | G20: Standard | H20: IP (Wired GEN BOS-IoT) | I20: DDC | J20: G | K20: CG55 | L20: HVACCP-211 | M20: 411001239314 | N20: Active | O20: Yes | P20: =CONCATENATE("IN-BLR-ANANTA-",C20,"_",J20) -> IN-BLR-ANANTA-DDC-216_G | Q20: uuid://c90b9a11-f039-4ebc-b2d7-81909c3a3e41 | R20: =IFS(C20="","",C20="n/a","N/A",LEN(C20),Concatenate("{",char(34),"asset",char(34),":{",char(34),"guid",char(34),":",char(34),Q20,char(34),",",char(34),"site",char(34),":",char(34),LOWER('2-Building'!$B$4),char(34),",",char(34),"name",char(34),":",char(34),LOWER(C20),char(34),"}}")) -> {"asset":{"guid":"uuid://c90b9a11-f039-4ebc-b2d7-81909c3a3e41","site":"in-blr-ananta","name":"ddc-216"}} | S20: Eneffen | V20: 2.23 | W20: V3.4 | X20: 5.0.1 | Y20: BACnet IP | Z20: 14016 | AA20: 11501 | AE20: Corphosted | AF20: 5C:C2:13:05:DC:21 | AG20: =IFS(LEN(AF20)=17,LOWER('2-Building'!$B$4 & "-" & C20), AF20="N/A", "N/A", LEN(AF20)=0,"") -> in-blr-ananta-ddc-216 | AK20: 100.95.215.53 | AL20: 255.255.240.0 | AM20: None | AR20: Primary | AS20: BACnet,47808 | AT20: HLI-102 | AU20: Unicast | AV20: No | AW20: N/A | AX20: Gateway Device | AY20: Good | AZ20: Eneffen | BA20: 10 | BB20: Yes | BD20: Landlord | BE20: Basebuilder System and connected on Gen Network | BF20: =IFERROR(__xludf.DUMMYFUNCTION("LOWER(Regexreplace(to_text(E20),""[^A-Za-z0-9]"","""")&""_""&Regexreplace(to_text(F20),""[^A-Za-z0-9]"",""""))"),"sauter_eyrc504fxxx") -> sauter_eyrc504fxxx | BG20: =IFERROR(__xludf.DUMMYFUNCTION("upper(Regexreplace(to_text(E20),""[^A-Za-z0-9]"","""")&""-""&Regexreplace(to_text(F20),""[^A-Za-z0-9]"",""""))"),"SAUTER-EYRC504FXXX") -> SAUTER-EYRC504FXXX
A21: 17 | B21: Building Management System | C21: DDC-217 | D21: DDC-217 | E21: SAUTER | F21: EY-RC504FXXX | G21: Standard | H21: IP (Wired GEN BOS-IoT) | I21: DDC | J21: G | K21: CG55 | L21: HVACCP-211 | M21: 411001239035 | N21: Active | O21: Yes | P21: =CONCATENATE("IN-BLR-ANANTA-",C21,"_",J21) -> IN-BLR-ANANTA-DDC-217_G | Q21: uuid://d6563724-45d5-41a5-bae8-4e89d090a893 | R21: =IFS(C21="","",C21="n/a","N/A",LEN(C21),Concatenate("{",char(34),"asset",char(34),":{",char(34),"guid",char(34),":",char(34),Q21,char(34),",",char(34),"site",char(34),":",char(34),LOWER('2-Building'!$B$4),char(34),",",char(34),"name",char(34),":",char(34),LOWER(C21),char(34),"}}")) -> {"asset":{"guid":"uuid://d6563724-45d5-41a5-bae8-4e89d090a893","site":"in-blr-ananta","name":"ddc-217"}} | S21: Eneffen | V21: 2.23 | W21: V3.4 | X21: 5.0.1 | Y21: BACnet IP | Z21: 14017 | AA21: 11501 | AE21: Corphosted | AF21: 5C:C2:13:05:DA:5E | AG21: =IFS(LEN(AF21)=17,LOWER('2-Building'!$B$4 & "-" & C21), AF21="N/A", "N/A", LEN(AF21)=0,"") -> in-blr-ananta-ddc-217 | AK21: 100.95.214.244 | AL21: 255.255.240.0 | AM21: None | AR21: Primary | AS21: BACnet,47808 | AT21: HLI-102 | AU21: Unicast | AV21: No | AW21: N/A | AX21: Gateway Device | AY21: Good | AZ21: Eneffen | BA21: 10 | BB21: Yes | BD21: Landlord | BE21: Basebuilder System and connected on Gen Network | BF21: =IFERROR(__xludf.DUMMYFUNCTION("LOWER(Regexreplace(to_text(E21),""[^A-Za-z0-9]"","""")&""_""&Regexreplace(to_text(F21),""[^A-Za-z0-9]"",""""))"),"sauter_eyrc504fxxx") -> sauter_eyrc504fxxx | BG21: =IFERROR(__xludf.DUMMYFUNCTION("upper(Regexreplace(to_text(E21),""[^A-Za-z0-9]"","""")&""-""&Regexreplace(to_text(F21),""[^A-Za-z0-9]"",""""))"),"SAUTER-EYRC504FXXX") -> SAUTER-EYRC504FXXX
A22: 18 | B22: Building Management System | C22: DDC-218 | D22: DDC-218 | E22: SAUTER | F22: EY-RC504FXXX | G22: Standard | H22: IP (Wired GEN BOS-IoT) | I22: DDC | J22: G | K22: CG55 | L22: HVACCP-212 | M22: 411001239066 | N22: Active | O22: Yes | P22: =CONCATENATE("IN-BLR-ANANTA-",C22,"_",J22) -> IN-BLR-ANANTA-DDC-218_G | Q22: uuid://b4850729-67fc-4a02-84b2-6c9f0bb2f062 | R22: =IFS(C22="","",C22="n/a","N/A",LEN(C22),Concatenate("{",char(34),"asset",char(34),":{",char(34),"guid",char(34),":",char(34),Q22,char(34),",",char(34),"site",char(34),":",char(34),LOWER('2-Building'!$B$4),char(34),",",char(34),"name",char(34),":",char(34),LOWER(C22),char(34),"}}")) -> {"asset":{"guid":"uuid://b4850729-67fc-4a02-84b2-6c9f0bb2f062","site":"in-blr-ananta","name":"ddc-218"}} | S22: Eneffen | V22: 2.23 | W22: V3.4 | X22: 5.0.1 | Y22: BACnet IP | Z22: 14018 | AA22: 11501 | AE22: Corphosted | AF22: 5C:C2:13:05:DC:1C | AG22: =IFS(LEN(AF22)=17,LOWER('2-Building'!$B$4 & "-" & C22), AF22="N/A", "N/A", LEN(AF22)=0,"") -> in-blr-ananta-ddc-218 | AK22: 100.95.214.253 | AL22: 255.255.240.0 | AM22: None | AR22: Primary | AS22: BACnet,47808 | AT22: HLI-102 | AU22: Unicast | AV22: No | AW22: N/A | AX22: Gateway Device | AY22: Good | AZ22: Eneffen | BA22: 10 | BB22: Yes | BD22: Landlord | BE22: Basebuilder System and connected on Gen Network | BF22: =IFERROR(__xludf.DUMMYFUNCTION("LOWER(Regexreplace(to_text(E22),""[^A-Za-z0-9]"","""")&""_""&Regexreplace(to_text(F22),""[^A-Za-z0-9]"",""""))"),"sauter_eyrc504fxxx") -> sauter_eyrc504fxxx | BG22: =IFERROR(__xludf.DUMMYFUNCTION("upper(Regexreplace(to_text(E22),""[^A-Za-z0-9]"","""")&""-""&Regexreplace(to_text(F22),""[^A-Za-z0-9]"",""""))"),"SAUTER-EYRC504FXXX") -> SAUTER-EYRC504FXXX
A23: 19 | B23: Building Management System | C23: DDC-219 | D23: DDC-219 | E23: SAUTER | F23: EY-RC504FXXX | G23: Standard | H23: IP (Wired GEN BOS-IoT) | I23: DDC | J23: G | K23: CG55 | L23: HVACCP-212 | M23: 411001239414 | N23: Active | O23: Yes | P23: =CONCATENATE("IN-BLR-ANANTA-",C23,"_",J23) -> IN-BLR-ANANTA-DDC-219_G | Q23: uuid://3c49481e-8b81-43db-be47-de4abbc5fa40 | R23: =IFS(C23="","",C23="n/a","N/A",LEN(C23),Concatenate("{",char(34),"asset",char(34),":{",char(34),"guid",char(34),":",char(34),Q23,char(34),",",char(34),"site",char(34),":",char(34),LOWER('2-Building'!$B$4),char(34),",",char(34),"name",char(34),":",char(34),LOWER(C23),char(34),"}}")) -> {"asset":{"guid":"uuid://3c49481e-8b81-43db-be47-de4abbc5fa40","site":"in-blr-ananta","name":"ddc-219"}} | S23: Eneffen | V23: 2.23 | W23: V3.4 | X23: 5.0.1 | Y23: BACnet IP | Z23: 14019 | AA23: 11501 | AE23: Corphosted | AF23: 5C:C2:13:05:DC:1B | AG23: =IFS(LEN(AF23)=17,LOWER('2-Building'!$B$4 & "-" & C23), AF23="N/A", "N/A", LEN(AF23)=0,"") -> in-blr-ananta-ddc-219 | AK23: 100.95.215.57 | AL23: 255.255.240.0 | AM23: None | AR23: Primary | AS23: BACnet,47808 | AT23: HLI-102 | AU23: Unicast | AV23: No | AW23: N/A | AX23: Gateway Device | AY23: Good | AZ23: Eneffen | BA23: 10 | BB23: Yes | BD23: Landlord | BE23: Basebuilder System and connected on Gen Network | BF23: =IFERROR(__xludf.DUMMYFUNCTION("LOWER(Regexreplace(to_text(E23),""[^A-Za-z0-9]"","""")&""_""&Regexreplace(to_text(F23),""[^A-Za-z0-9]"",""""))"),"sauter_eyrc504fxxx") -> sauter_eyrc504fxxx | BG23: =IFERROR(__xludf.DUMMYFUNCTION("upper(Regexreplace(to_text(E23),""[^A-Za-z0-9]"","""")&""-""&Regexreplace(to_text(F23),""[^A-Za-z0-9]"",""""))"),"SAUTER-EYRC504FXXX") -> SAUTER-EYRC504FXXX
A24: 20 | B24: Building Management System | C24: DDC-220 | D24: DDC-220 | E24: SAUTER | F24: EY-RC504FXXX | G24: Standard | H24: IP (Wired GEN BOS-IoT) | I24: DDC | J24: G | K24: G63 | L24: HVACCP-213 | M24: 411001359649 | N24: Active | O24: Yes | P24: =CONCATENATE("IN-BLR-ANANTA-",C24,"_",J24) -> IN-BLR-ANANTA-DDC-220_G | Q24: uuid://4b197e5d-d3da-4952-acca-055e4229d11b | R24: =IFS(C24="","",C24="n/a","N/A",LEN(C24),Concatenate("{",char(34),"asset",char(34),":{",char(34),"guid",char(34),":",char(34),Q24,char(34),",",char(34),"site",char(34),":",char(34),LOWER('2-Building'!$B$4),char(34),",",char(34),"name",char(34),":",char(34),LOWER(C24),char(34),"}}")) -> {"asset":{"guid":"uuid://4b197e5d-d3da-4952-acca-055e4229d11b","site":"in-blr-ananta","name":"ddc-220"}} | S24: Eneffen | V24: 2.23 | W24: V3.4 | X24: 5.0.1 | Y24: BACnet IP | Z24: 14020 | AA24: 11501 | AE24: Corphosted | AF24: 5C:C2:13:05:8D:84 | AG24: =IFS(LEN(AF24)=17,LOWER('2-Building'!$B$4 & "-" & C24), AF24="N/A", "N/A", LEN(AF24)=0,"") -> in-blr-ananta-ddc-220 | AK24: 100.95.215.21 | AL24: 255.255.240.0 | AM24: None | AR24: Primary | AS24: BACnet,47808 | AT24: DDC-7 | AU24: Unicast | AV24: No | AW24: N/A | AX24: Gateway Device | AY24: Good | AZ24: Eneffen | BA24: 10 | BB24: Yes | BD24: Landlord | BE24: Basebuilder System and connected on Gen Network | BF24: =IFERROR(__xludf.DUMMYFUNCTION("LOWER(Regexreplace(to_text(E24),""[^A-Za-z0-9]"","""")&""_""&Regexreplace(to_text(F24),""[^A-Za-z0-9]"",""""))"),"sauter_eyrc504fxxx") -> sauter_eyrc504fxxx | BG24: =IFERROR(__xludf.DUMMYFUNCTION("upper(Regexreplace(to_text(E24),""[^A-Za-z0-9]"","""")&""-""&Regexreplace(to_text(F24),""[^A-Za-z0-9]"",""""))"),"SAUTER-EYRC504FXXX") -> SAUTER-EYRC504FXXX
A25: 21 | B25: Building Management System | C25: DDC-221 | D25: DDC-221 | E25: SAUTER | F25: EY-RC504FXXX | G25: Standard | H25: IP (Wired GEN BOS-IoT) | I25: DDC | J25: G | K25: G63 | L25: HVACCP-213 | M25: 411001359902 | N25: Active | O25: Yes | P25: =CONCATENATE("IN-BLR-ANANTA-",C25,"_",J25) -> IN-BLR-ANANTA-DDC-221_G | Q25: uuid://99e04d1b-0365-43f2-b832-0484970213d2 | R25: =IFS(C25="","",C25="n/a","N/A",LEN(C25),Concatenate("{",char(34),"asset",char(34),":{",char(34),"guid",char(34),":",char(34),Q25,char(34),",",char(34),"site",char(34),":",char(34),LOWER('2-Building'!$B$4),char(34),",",char(34),"name",char(34),":",char(34),LOWER(C25),char(34),"}}")) -> {"asset":{"guid":"uuid://99e04d1b-0365-43f2-b832-0484970213d2","site":"in-blr-ananta","name":"ddc-221"}} | S25: Eneffen | V25: 2.23 | W25: V3.4 | X25: 5.0.1 | Y25: BACnet IP | Z25: 14021 | AA25: 11501 | AE25: Corphosted | AF25: 5C:C2:13:06:8D:EA | AG25: =IFS(LEN(AF25)=17,LOWER('2-Building'!$B$4 & "-" & C25), AF25="N/A", "N/A", LEN(AF25)=0,"") -> in-blr-ananta-ddc-221 | AK25: 100.95.215.68 | AL25: 255.255.240.0 | AM25: None | AR25: Primary | AS25: BACnet,47808 | AT25: DDC-7 | AU25: Unicast | AV25: No | AW25: N/A | AX25: Gateway Device | AY25: Good | AZ25: Eneffen | BA25: 10 | BB25: Yes | BD25: Landlord | BE25: Basebuilder System and connected on Gen Network | BF25: =IFERROR(__xludf.DUMMYFUNCTION("LOWER(Regexreplace(to_text(E25),""[^A-Za-z0-9]"","""")&""_""&Regexreplace(to_text(F25),""[^A-Za-z0-9]"",""""))"),"sauter_eyrc504fxxx") -> sauter_eyrc504fxxx | BG25: =IFERROR(__xludf.DUMMYFUNCTION("upper(Regexreplace(to_text(E25),""[^A-Za-z0-9]"","""")&""-""&Regexreplace(to_text(F25),""[^A-Za-z0-9]"",""""))"),"SAUTER-EYRC504FXXX") -> SAUTER-EYRC504FXXX
A26: 22 | B26: Building Management System | C26: DDC-222 | D26: DDC-222 | E26: SAUTER | F26: EY-RC504FXXX | G26: Standard | H26: IP (Wired GEN BOS-IoT) | I26: DDC | J26: G | K26: GI46 | L26: HVACCP-214 | M26: 411001359942 | N26: Active | O26: Yes | P26: =CONCATENATE("IN-BLR-ANANTA-",C26,"_",J26) -> IN-BLR-ANANTA-DDC-222_G | Q26: uuid://40b72345-4148-49d0-88b7-24bd4b24f738 | R26: =IFS(C26="","",C26="n/a","N/A",LEN(C26),Concatenate("{",char(34),"asset",char(34),":{",char(34),"guid",char(34),":",char(34),Q26,char(34),",",char(34),"site",char(34),":",char(34),LOWER('2-Building'!$B$4),char(34),",",char(34),"name",char(34),":",char(34),LOWER(C26),char(34),"}}")) -> {"asset":{"guid":"uuid://40b72345-4148-49d0-88b7-24bd4b24f738","site":"in-blr-ananta","name":"ddc-222"}} | S26: Eneffen | V26: 2.23 | W26: V3.4 | X26: 5.0.1 | Y26: BACnet IP | Z26: 14022 | AA26: 11501 | AE26: Corphosted | AF26: 5C:C2:13:06:8D:7F | AG26: =IFS(LEN(AF26)=17,LOWER('2-Building'!$B$4 & "-" & C26), AF26="N/A", "N/A", LEN(AF26)=0,"") -> in-blr-ananta-ddc-222 | AK26: 100.95.215.86 | AL26: 255.255.240.0 | AM26: None | AR26: Primary | AS26: BACnet,47808 | AT26: DDC-8 | AU26: Unicast | AV26: No | AW26: N/A | AX26: Gateway Device | AY26: Good | AZ26: Eneffen | BA26: 10 | BB26: Yes | BD26: Landlord | BE26: Basebuilder System and connected on Gen Network | BF26: =IFERROR(__xludf.DUMMYFUNCTION("LOWER(Regexreplace(to_text(E26),""[^A-Za-z0-9]"","""")&""_""&Regexreplace(to_text(F26),""[^A-Za-z0-9]"",""""))"),"sauter_eyrc504fxxx") -> sauter_eyrc504fxxx | BG26: =IFERROR(__xludf.DUMMYFUNCTION("upper(Regexreplace(to_text(E26),""[^A-Za-z0-9]"","""")&""-""&Regexreplace(to_text(F26),""[^A-Za-z0-9]"",""""))"),"SAUTER-EYRC504FXXX") -> SAUTER-EYRC504FXXX
A27: 23 | B27: Building Management System | C27: DDC-223 | D27: DDC-223 | E27: SAUTER | F27: EY-RC504FXXX | G27: Standard | H27: IP (Wired GEN BOS-IoT) | I27: DDC | J27: G | K27: CG55 | L27: HVACCP-215 | M27: 411001359312 | N27: Active | O27: Yes | P27: =CONCATENATE("IN-BLR-ANANTA-",C27,"_",J27) -> IN-BLR-ANANTA-DDC-223_G | Q27: uuid://a586a272-58a3-4884-bb4a-75745c4aa597 | R27: =IFS(C27="","",C27="n/a","N/A",LEN(C27),Concatenate("{",char(34),"asset",char(34),":{",char(34),"guid",char(34),":",char(34),Q27,char(34),",",char(34),"site",char(34),":",char(34),LOWER('2-Building'!$B$4),char(34),",",char(34),"name",char(34),":",char(34),LOWER(C27),char(34),"}}")) -> {"asset":{"guid":"uuid://a586a272-58a3-4884-bb4a-75745c4aa597","site":"in-blr-ananta","name":"ddc-223"}} | S27: Eneffen | V27: 2.23 | W27: V3.4 | X27: 5.0.1 | Y27: BACnet IP | Z27: 14023 | AA27: 11501 | AE27: Corphosted | AF27: 5C:C2:13:06:8D:F0 | AG27: =IFS(LEN(AF27)=17,LOWER('2-Building'!$B$4 & "-" & C27), AF27="N/A", "N/A", LEN(AF27)=0,"") -> in-blr-ananta-ddc-223 | AK27: 100.95.215.88 | AL27: 255.255.240.0 | AM27: None | AR27: Primary | AS27: BACnet,47808 | AT27: DDC-10 | AU27: Unicast | AV27: No | AW27: N/A | AX27: Gateway Device | AY27: Good | AZ27: Eneffen | BA27: 10 | BB27: Yes | BD27: Landlord | BE27: Basebuilder System and connected on Gen Network | BF27: =IFERROR(__xludf.DUMMYFUNCTION("LOWER(Regexreplace(to_text(E27),""[^A-Za-z0-9]"","""")&""_""&Regexreplace(to_text(F27),""[^A-Za-z0-9]"",""""))"),"sauter_eyrc504fxxx") -> sauter_eyrc504fxxx | BG27: =IFERROR(__xludf.DUMMYFUNCTION("upper(Regexreplace(to_text(E27),""[^A-Za-z0-9]"","""")&""-""&Regexreplace(to_text(F27),""[^A-Za-z0-9]"",""""))"),"SAUTER-EYRC504FXXX") -> SAUTER-EYRC504FXXX
A28: 24 | B28: Building Management System | C28: DDC-224 | D28: DDC-224 | E28: SAUTER | F28: EY-RC504FXXX | G28: Standard | H28: IP (Wired GEN BOS-IoT) | I28: DDC | J28: G | K28: CG55 | L28: HVACCP-215 | M28: 411001359654 | N28: Active | O28: Yes | P28: =CONCATENATE("IN-BLR-ANANTA-",C28,"_",J28) -> IN-BLR-ANANTA-DDC-224_G | Q28: uuid://66786572-8a62-466f-a5aa-d6fae088a238 | R28: =IFS(C28="","",C28="n/a","N/A",LEN(C28),Concatenate("{",char(34),"asset",char(34),":{",char(34),"guid",char(34),":",char(34),Q28,char(34),",",char(34),"site",char(34),":",char(34),LOWER('2-Building'!$B$4),char(34),",",char(34),"name",char(34),":",char(34),LOWER(C28),char(34),"}}")) -> {"asset":{"guid":"uuid://66786572-8a62-466f-a5aa-d6fae088a238","site":"in-blr-ananta","name":"ddc-224"}} | S28: Eneffen | V28: 2.23 | W28: V3.4 | X28: 5.0.1 | Y28: BACnet IP | Z28: 14024 | AA28: 11501 | AE28: Corphosted | AF28: 5C:C2:13:06:8D:81 | AG28: =IFS(LEN(AF28)=17,LOWER('2-Building'!$B$4 & "-" & C28), AF28="N/A", "N/A", LEN(AF28)=0,"") -> in-blr-ananta-ddc-224 | AK28: 100.95.215.48 | AL28: 255.255.240.0 | AM28: None | AR28: Primary | AS28: BACnet,47808 | AT28: DDC-10 | AU28: Unicast | AV28: No | AW28: N/A | AX28: Gateway Device | AY28: Good | AZ28: Eneffen | BA28: 10 | BB28: Yes | BD28: Landlord | BE28: Basebuilder System and connected on Gen Network | BF28: =IFERROR(__xludf.DUMMYFUNCTION("LOWER(Regexreplace(to_text(E28),""[^A-Za-z0-9]"","""")&""_""&Regexreplace(to_text(F28),""[^A-Za-z0-9]"",""""))"),"sauter_eyrc504fxxx") -> sauter_eyrc504fxxx | BG28: =IFERROR(__xludf.DUMMYFUNCTION("upper(Regexreplace(to_text(E28),""[^A-Za-z0-9]"","""")&""-""&Regexreplace(to_text(F28),""[^A-Za-z0-9]"",""""))"),"SAUTER-EYRC504FXXX") -> SAUTER-EYRC504FXXX
A29: 25 | B29: Building Management System | C29: DDC-225 | D29: DDC-225 | E29: SAUTER | F29: EY-RC504FXXX | G29: Standard | H29: IP (Wired GEN BOS-IoT) | I29: DDC | J29: G | K29: GA7 | L29: HVACCP-216 | M29: 411001359922 | N29: Active | O29: Yes | P29: =CONCATENATE("IN-BLR-ANANTA-",C29,"_",J29) -> IN-BLR-ANANTA-DDC-225_G | Q29: uuid://e18810ed-f85c-4809-a7fa-e3cdc955b900 | R29: =IFS(C29="","",C29="n/a","N/A",LEN(C29),Concatenate("{",char(34),"asset",char(34),":{",char(34),"guid",char(34),":",char(34),Q29,char(34),",",char(34),"site",char(34),":",char(34),LOWER('2-Building'!$B$4),char(34),",",char(34),"name",char(34),":",char(34),LOWER(C29),char(34),"}}")) -> {"asset":{"guid":"uuid://e18810ed-f85c-4809-a7fa-e3cdc955b900","site":"in-blr-ananta","name":"ddc-225"}} | S29: Eneffen | V29: 2.23 | W29: V3.4 | X29: 5.0.1 | Y29: BACnet IP | Z29: 14025 | AA29: 11501 | AE29: Corphosted | AF29: 5C:C2:13:06:87:92 | AG29: =IFS(LEN(AF29)=17,LOWER('2-Building'!$B$4 & "-" & C29), AF29="N/A", "N/A", LEN(AF29)=0,"") -> in-blr-ananta-ddc-225 | AK29: 100.95.215.81 | AL29: 255.255.240.0 | AM29: None | AR29: Primary | AS29: BACnet,47808 | AT29: DDC-09 | AU29: Unicast | AV29: No | AW29: N/A | AX29: Gateway Device | AY29: Good | AZ29: Eneffen | BA29: 10 | BB29: Yes | BD29: Landlord | BE29: Basebuilder System and connected on Gen Network | BF29: =IFERROR(__xludf.DUMMYFUNCTION("LOWER(Regexreplace(to_text(E29),""[^A-Za-z0-9]"","""")&""_""&Regexreplace(to_text(F29),""[^A-Za-z0-9]"",""""))"),"sauter_eyrc504fxxx") -> sauter_eyrc504fxxx | BG29: =IFERROR(__xludf.DUMMYFUNCTION("upper(Regexreplace(to_text(E29),""[^A-Za-z0-9]"","""")&""-""&Regexreplace(to_text(F29),""[^A-Za-z0-9]"",""""))"),"SAUTER-EYRC504FXXX") -> SAUTER-EYRC504FXXX
A30: 26 | B30: Building Management System | C30: DDC-226 | D30: DDC-226 | E30: SAUTER | F30: EY-RC504FXXX | G30: Standard | H30: IP (Wired GEN BOS-IoT) | I30: DDC | J30: G | K30: GA7 | L30: HVACCP-216 | M30: 411001360193 | N30: Active | O30: Yes | P30: =CONCATENATE("IN-BLR-ANANTA-",C30,"_",J30) -> IN-BLR-ANANTA-DDC-226_G | Q30: uuid://7e102687-14c8-4a48-bfd1-41403c1ddd8a | R30: =IFS(C30="","",C30="n/a","N/A",LEN(C30),Concatenate("{",char(34),"asset",char(34),":{",char(34),"guid",char(34),":",char(34),Q30,char(34),",",char(34),"site",char(34),":",char(34),LOWER('2-Building'!$B$4),char(34),",",char(34),"name",char(34),":",char(34),LOWER(C30),char(34),"}}")) -> {"asset":{"guid":"uuid://7e102687-14c8-4a48-bfd1-41403c1ddd8a","site":"in-blr-ananta","name":"ddc-226"}} | S30: Eneffen | V30: 2.23 | W30: V3.4 | X30: 5.0.1 | Y30: BACnet IP | Z30: 14026 | AA30: 11501 | AE30: Corphosted | AF30: 5C:C2:13:06:8D:8E | AG30: =IFS(LEN(AF30)=17,LOWER('2-Building'!$B$4 & "-" & C30), AF30="N/A", "N/A", LEN(AF30)=0,"") -> in-blr-ananta-ddc-226 | AK30: 100.95.215.66 | AL30: 255.255.240.0 | AM30: None | AR30: Primary | AS30: BACnet,47808 | AT30: DDC-09 | AU30: Unicast | AV30: No | AW30: N/A | AX30: Gateway Device | AY30: Good | AZ30: Eneffen | BA30: 10 | BB30: Yes | BD30: Landlord | BE30: Basebuilder System and connected on Gen Network | BF30: =IFERROR(__xludf.DUMMYFUNCTION("LOWER(Regexreplace(to_text(E30),""[^A-Za-z0-9]"","""")&""_""&Regexreplace(to_text(F30),""[^A-Za-z0-9]"",""""))"),"sauter_eyrc504fxxx") -> sauter_eyrc504fxxx | BG30: =IFERROR(__xludf.DUMMYFUNCTION("upper(Regexreplace(to_text(E30),""[^A-Za-z0-9]"","""")&""-""&Regexreplace(to_text(F30),""[^A-Za-z0-9]"",""""))"),"SAUTER-EYRC504FXXX") -> SAUTER-EYRC504FXXX
A31: 27 | B31: Building Management System | C31: DDC-227 | D31: DDC-227 | E31: SAUTER | F31: EY-RC504FXXX | G31: Standard | H31: IP (Wired GEN BOS-IoT) | I31: DDC | J31: G | K31: GB14 | L31: HVACCP-217 | M31: 411001359500 | N31: Active | O31: Yes | P31: =CONCATENATE("IN-BLR-ANANTA-",C31,"_",J31) -> IN-BLR-ANANTA-DDC-227_G | Q31: uuid://155afd80-23c0-4b4b-87d8-c3ac8b2ba314 | R31: =IFS(C31="","",C31="n/a","N/A",LEN(C31),Concatenate("{",char(34),"asset",char(34),":{",char(34),"guid",char(34),":",char(34),Q31,char(34),",",char(34),"site",char(34),":",char(34),LOWER('2-Building'!$B$4),char(34),",",char(34),"name",char(34),":",char(34),LOWER(C31),char(34),"}}")) -> {"asset":{"guid":"uuid://155afd80-23c0-4b4b-87d8-c3ac8b2ba314","site":"in-blr-ananta","name":"ddc-227"}} | S31: Eneffen | V31: 2.23 | W31: V3.4 | X31: 5.0.1 | Y31: BACnet IP | Z31: 14027 | AA31: 11501 | AE31: Corphosted | AF31: 5C:C2:13:06:87:52 | AG31: =IFS(LEN(AF31)=17,LOWER('2-Building'!$B$4 & "-" & C31), AF31="N/A", "N/A", LEN(AF31)=0,"") -> in-blr-ananta-ddc-227 | AK31: 100.95.214.192 | AL31: 255.255.240.0 | AM31: None | AR31: Primary | AS31: BACnet,47808 | AT31: HLI-111 | AU31: Unicast | AV31: No | AW31: N/A | AX31: Gateway Device | AY31: Good | AZ31: Eneffen | BA31: 10 | BB31: Yes | BD31: Landlord | BE31: Basebuilder System and connected on Gen Network | BF31: =IFERROR(__xludf.DUMMYFUNCTION("LOWER(Regexreplace(to_text(E31),""[^A-Za-z0-9]"","""")&""_""&Regexreplace(to_text(F31),""[^A-Za-z0-9]"",""""))"),"sauter_eyrc504fxxx") -> sauter_eyrc504fxxx | BG31: =IFERROR(__xludf.DUMMYFUNCTION("upper(Regexreplace(to_text(E31),""[^A-Za-z0-9]"","""")&""-""&Regexreplace(to_text(F31),""[^A-Za-z0-9]"",""""))"),"SAUTER-EYRC504FXXX") -> SAUTER-EYRC504FXXX
A32: 28 | B32: Building Management System | C32: DDC-228 | D32: DDC-228 | E32: SAUTER | F32: EY-RC504FXXX | G32: Standard | H32: IP (Wired GEN BOS-IoT) | I32: DDC | J32: G | K32: GB14 | L32: HVACCP-217 | M32: 411001359349 | N32: Active | O32: Yes | P32: =CONCATENATE("IN-BLR-ANANTA-",C32,"_",J32) -> IN-BLR-ANANTA-DDC-228_G | Q32: uuid://de54f464-2895-45f1-bd33-a1d679675d5f | R32: =IFS(C32="","",C32="n/a","N/A",LEN(C32),Concatenate("{",char(34),"asset",char(34),":{",char(34),"guid",char(34),":",char(34),Q32,char(34),",",char(34),"site",char(34),":",char(34),LOWER('2-Building'!$B$4),char(34),",",char(34),"name",char(34),":",char(34),LOWER(C32),char(34),"}}")) -> {"asset":{"guid":"uuid://de54f464-2895-45f1-bd33-a1d679675d5f","site":"in-blr-ananta","name":"ddc-228"}} | S32: Eneffen | V32: 2.23 | W32: V3.4 | X32: 5.0.1 | Y32: BACnet IP | Z32: 14028 | AA32: 11501 | AE32: Corphosted | AF32: 5C:C2:13:06:89:54 | AG32: =IFS(LEN(AF32)=17,LOWER('2-Building'!$B$4 & "-" & C32), AF32="N/A", "N/A", LEN(AF32)=0,"") -> in-blr-ananta-ddc-228 | AK32: 100.95.214.196 | AL32: 255.255.240.0 | AM32: None | AR32: Primary | AS32: BACnet,47808 | AT32: HLI-111 | AU32: Unicast | AV32: No | AW32: N/A | AX32: Gateway Device | AY32: Good | AZ32: Eneffen | BA32: 10 | BB32: Yes | BD32: Landlord | BE32: Basebuilder System and connected on Gen Network | BF32: =IFERROR(__xludf.DUMMYFUNCTION("LOWER(Regexreplace(to_text(E32),""[^A-Za-z0-9]"","""")&""_""&Regexreplace(to_text(F32),""[^A-Za-z0-9]"",""""))"),"sauter_eyrc504fxxx") -> sauter_eyrc504fxxx | BG32: =IFERROR(__xludf.DUMMYFUNCTION("upper(Regexreplace(to_text(E32),""[^A-Za-z0-9]"","""")&""-""&Regexreplace(to_text(F32),""[^A-Za-z0-9]"",""""))"),"SAUTER-EYRC504FXXX") -> SAUTER-EYRC504FXXX
A33: 29 | B33: Building Management System | C33: DDC-229 | D33: DDC-229 | E33: SAUTER | F33: EY-RC504FXXX | G33: Standard | H33: IP (Wired GEN BOS-IoT) | I33: DDC | J33: G | K33: GB14 | L33: HVACCP-217 | M33: 411001359507 | N33: Active | O33: Yes | P33: =CONCATENATE("IN-BLR-ANANTA-",C33,"_",J33) -> IN-BLR-ANANTA-DDC-229_G | Q33: uuid://39683dc8-9a0b-4fc4-80b1-9fed7ef9e19c | R33: =IFS(C33="","",C33="n/a","N/A",LEN(C33),Concatenate("{",char(34),"asset",char(34),":{",char(34),"guid",char(34),":",char(34),Q33,char(34),",",char(34),"site",char(34),":",char(34),LOWER('2-Building'!$B$4),char(34),",",char(34),"name",char(34),":",char(34),LOWER(C33),char(34),"}}")) -> {"asset":{"guid":"uuid://39683dc8-9a0b-4fc4-80b1-9fed7ef9e19c","site":"in-blr-ananta","name":"ddc-229"}} | S33: Eneffen | V33: 2.23 | W33: V3.4 | X33: 5.0.1 | Y33: BACnet IP | Z33: 14029 | AA33: 11501 | AE33: Corphosted | AF33: 5C:C2:13:06:8D:82 | AG33: =IFS(LEN(AF33)=17,LOWER('2-Building'!$B$4 & "-" & C33), AF33="N/A", "N/A", LEN(AF33)=0,"") -> in-blr-ananta-ddc-229 | AK33: 100.95.214.191 | AL33: 255.255.240.0 | AM33: None | AR33: Primary | AS33: BACnet,47808 | AT33: HLI-111 | AU33: Unicast | AV33: No | AW33: N/A | AX33: Gateway Device | AY33: Good | AZ33: Eneffen | BA33: 10 | BB33: Yes | BD33: Landlord | BE33: Basebuilder System and connected on Gen Network | BF33: =IFERROR(__xludf.DUMMYFUNCTION("LOWER(Regexreplace(to_text(E33),""[^A-Za-z0-9]"","""")&""_""&Regexreplace(to_text(F33),""[^A-Za-z0-9]"",""""))"),"sauter_eyrc504fxxx") -> sauter_eyrc504fxxx | BG33: =IFERROR(__xludf.DUMMYFUNCTION("upper(Regexreplace(to_text(E33),""[^A-Za-z0-9]"","""")&""-""&Regexreplace(to_text(F33),""[^A-Za-z0-9]"",""""))"),"SAUTER-EYRC504FXXX") -> SAUTER-EYRC504FXXX
A34: 30 | B34: Building Management System | C34: DDC-230 | D34: DDC-230 | E34: SAUTER | F34: EY-RC504FXXX | G34: Standard | H34: IP (Wired GEN BOS-IoT) | I34: DDC | J34: 1 | K34: 163 | L34: HVACCP-219 | M34: 411001235258 | N34: Active | O34: Yes | P34: =CONCATENATE("IN-BLR-ANANTA-",C34,"_",J34) -> IN-BLR-ANANTA-DDC-230_1 | Q34: uuid://83cbe2aa-fe51-4e43-ba48-0d306709434a | R34: =IFS(C34="","",C34="n/a","N/A",LEN(C34),Concatenate("{",char(34),"asset",char(34),":{",char(34),"guid",char(34),":",char(34),Q34,char(34),",",char(34),"site",char(34),":",char(34),LOWER('2-Building'!$B$4),char(34),",",char(34),"name",char(34),":",char(34),LOWER(C34),char(34),"}}")) -> {"asset":{"guid":"uuid://83cbe2aa-fe51-4e43-ba48-0d306709434a","site":"in-blr-ananta","name":"ddc-230"}} | S34: Eneffen | V34: 2.23 | W34: V3.4 | X34: 5.0.1 | Y34: BACnet IP | Z34: 14030 | AA34: 11501 | AE34: Corphosted | AF34: 5C:C2:13:05:DC:32 | AG34: =IFS(LEN(AF34)=17,LOWER('2-Building'!$B$4 & "-" & C34), AF34="N/A", "N/A", LEN(AF34)=0,"") -> in-blr-ananta-ddc-230 | AK34: 100.95.214.222 | AL34: 255.255.240.0 | AM34: None | AR34: Primary | AS34: BACnet,47808 | AT34: DDC-12 | AU34: Unicast | AV34: No | AW34: N/A | AX34: Gateway Device | AY34: Good | AZ34: Eneffen | BA34: 10 | BB34: Yes | BD34: Landlord | BE34: Basebuilder System and connected on Gen Network | BF34: =IFERROR(__xludf.DUMMYFUNCTION("LOWER(Regexreplace(to_text(E34),""[^A-Za-z0-9]"","""")&""_""&Regexreplace(to_text(F34),""[^A-Za-z0-9]"",""""))"),"sauter_eyrc504fxxx") -> sauter_eyrc504fxxx | BG34: =IFERROR(__xludf.DUMMYFUNCTION("upper(Regexreplace(to_text(E34),""[^A-Za-z0-9]"","""")&""-""&Regexreplace(to_text(F34),""[^A-Za-z0-9]"",""""))"),"SAUTER-EYRC504FXXX") -> SAUTER-EYRC504FXXX
A35: 31 | B35: Building Management System | C35: DDC-231 | D35: DDC-231 | E35: SAUTER | F35: EY-RC504FXXX | G35: Standard | H35: IP (Wired GEN BOS-IoT) | I35: DDC | J35: 1 | K35: 163 | L35: HVACCP-219 | M35: 411001360183 | N35: Active | O35: Yes | P35: =CONCATENATE("IN-BLR-ANANTA-",C35,"_",J35) -> IN-BLR-ANANTA-DDC-231_1 | Q35: uuid://4cc1a3b1-df93-4f3b-be61-5376ca1a134b | R35: =IFS(C35="","",C35="n/a","N/A",LEN(C35),Concatenate("{",char(34),"asset",char(34),":{",char(34),"guid",char(34),":",char(34),Q35,char(34),",",char(34),"site",char(34),":",char(34),LOWER('2-Building'!$B$4),char(34),",",char(34),"name",char(34),":",char(34),LOWER(C35),char(34),"}}")) -> {"asset":{"guid":"uuid://4cc1a3b1-df93-4f3b-be61-5376ca1a134b","site":"in-blr-ananta","name":"ddc-231"}} | S35: Eneffen | V35: 2.23 | W35: V3.4 | X35: 5.0.1 | Y35: BACnet IP | Z35: 14031 | AA35: 11501 | AE35: Corphosted | AF35: 5C:C2:13:06:8D:6E | AG35: =IFS(LEN(AF35)=17,LOWER('2-Building'!$B$4 & "-" & C35), AF35="N/A", "N/A", LEN(AF35)=0,"") -> in-blr-ananta-ddc-231 | AK35: 100.95.214.204 | AL35: 255.255.240.0 | AM35: None | AR35: Primary | AS35: BACnet,47808 | AT35: DDC-12 | AU35: Unicast | AV35: No | AW35: N/A | AX35: Gateway Device | AY35: Good | AZ35: Eneffen | BA35: 10 | BB35: Yes | BD35: Landlord | BE35: Basebuilder System and connected on Gen Network | BF35: =IFERROR(__xludf.DUMMYFUNCTION("LOWER(Regexreplace(to_text(E35),""[^A-Za-z0-9]"","""")&""_""&Regexreplace(to_text(F35),""[^A-Za-z0-9]"",""""))"),"sauter_eyrc504fxxx") -> sauter_eyrc504fxxx | BG35: =IFERROR(__xludf.DUMMYFUNCTION("upper(Regexreplace(to_text(E35),""[^A-Za-z0-9]"","""")&""-""&Regexreplace(to_text(F35),""[^A-Za-z0-9]"",""""))"),"SAUTER-EYRC504FXXX") -> SAUTER-EYRC504FXXX
A36: 32 | B36: Building Management System | C36: DDC-232 | D36: DDC-232 | E36: SAUTER | F36: EY-RC504FXXX | G36: Standard | H36: IP (Wired GEN BOS-IoT) | I36: DDC | J36: 1 | K36: 175 | L36: HVACCP-220 | M36: 411001235306 | N36: Active | O36: Yes | P36: =CONCATENATE("IN-BLR-ANANTA-",C36,"_",J36) -> IN-BLR-ANANTA-DDC-232_1 | Q36: uuid://36322ead-7c81-496d-b7e0-e8a00cf067bd | R36: =IFS(C36="","",C36="n/a","N/A",LEN(C36),Concatenate("{",char(34),"asset",char(34),":{",char(34),"guid",char(34),":",char(34),Q36,char(34),",",char(34),"site",char(34),":",char(34),LOWER('2-Building'!$B$4),char(34),",",char(34),"name",char(34),":",char(34),LOWER(C36),char(34),"}}")) -> {"asset":{"guid":"uuid://36322ead-7c81-496d-b7e0-e8a00cf067bd","site":"in-blr-ananta","name":"ddc-232"}} | S36: Eneffen | V36: 2.23 | W36: V3.4 | X36: 5.0.1 | Y36: BACnet IP | Z36: 14032 | AA36: 11501 | AE36: Corphosted | AF36: 5C:C2:13:05:DD:46 | AG36: =IFS(LEN(AF36)=17,LOWER('2-Building'!$B$4 & "-" & C36), AF36="N/A", "N/A", LEN(AF36)=0,"") -> in-blr-ananta-ddc-232 | AK36: 100.95.214.208 | AL36: 255.255.240.0 | AM36: None | AR36: Primary | AS36: BACnet,47808 | AT36: DDC-15 | AU36: Unicast | AV36: No | AW36: N/A | AX36: Gateway Device | AY36: Good | AZ36: Eneffen | BA36: 10 | BB36: Yes | BD36: Landlord | BE36: Basebuilder System and connected on Gen Network | BF36: =IFERROR(__xludf.DUMMYFUNCTION("LOWER(Regexreplace(to_text(E36),""[^A-Za-z0-9]"","""")&""_""&Regexreplace(to_text(F36),""[^A-Za-z0-9]"",""""))"),"sauter_eyrc504fxxx") -> sauter_eyrc504fxxx | BG36: =IFERROR(__xludf.DUMMYFUNCTION("upper(Regexreplace(to_text(E36),""[^A-Za-z0-9]"","""")&""-""&Regexreplace(to_text(F36),""[^A-Za-z0-9]"",""""))"),"SAUTER-EYRC504FXXX") -> SAUTER-EYRC504FXXX
A37: 33 | B37: Building Management System | C37: DDC-233 | D37: DDC-233 | E37: SAUTER | F37: EY-RC504FXXX | G37: Standard | H37: IP (Wired GEN BOS-IoT) | I37: DDC | J37: 1 | K37: 175 | L37: HVACCP-220 | M37: 411001359601 | N37: Active | O37: Yes | P37: =CONCATENATE("IN-BLR-ANANTA-",C37,"_",J37) -> IN-BLR-ANANTA-DDC-233_1 | Q37: uuid://a24b8a7c-52b6-4df2-a439-56fa506a7066 | R37: =IFS(C37="","",C37="n/a","N/A",LEN(C37),Concatenate("{",char(34),"asset",char(34),":{",char(34),"guid",char(34),":",char(34),Q37,char(34),",",char(34),"site",char(34),":",char(34),LOWER('2-Building'!$B$4),char(34),",",char(34),"name",char(34),":",char(34),LOWER(C37),char(34),"}}")) -> {"asset":{"guid":"uuid://a24b8a7c-52b6-4df2-a439-56fa506a7066","site":"in-blr-ananta","name":"ddc-233"}} | S37: Eneffen | V37: 2.23 | W37: V3.4 | X37: 5.0.1 | Y37: BACnet IP | Z37: 14033 | AA37: 11501 | AE37: Corphosted | AF37: 5C:C2:13:06:8D:90 | AG37: =IFS(LEN(AF37)=17,LOWER('2-Building'!$B$4 & "-" & C37), AF37="N/A", "N/A", LEN(AF37)=0,"") -> in-blr-ananta-ddc-233 | AK37: 100.95.214.162 | AL37: 255.255.240.0 | AM37: None | AR37: Primary | AS37: BACnet,47808 | AT37: DDC-15 | AU37: Unicast | AV37: No | AW37: N/A | AX37: Gateway Device | AY37: Good | AZ37: Eneffen | BA37: 10 | BB37: Yes | BD37: Landlord | BE37: Basebuilder System and connected on Gen Network | BF37: =IFERROR(__xludf.DUMMYFUNCTION("LOWER(Regexreplace(to_text(E37),""[^A-Za-z0-9]"","""")&""_""&Regexreplace(to_text(F37),""[^A-Za-z0-9]"",""""))"),"sauter_eyrc504fxxx") -> sauter_eyrc504fxxx | BG37: =IFERROR(__xludf.DUMMYFUNCTION("upper(Regexreplace(to_text(E37),""[^A-Za-z0-9]"","""")&""-""&Regexreplace(to_text(F37),""[^A-Za-z0-9]"",""""))"),"SAUTER-EYRC504FXXX") -> SAUTER-EYRC504FXXX
A38: 34 | B38: Building Management System | C38: DDC-234 | D38: DDC-234 | E38: SAUTER | F38: EY-RC504FXXX | G38: Standard | H38: IP (Wired GEN BOS-IoT) | I38: DDC | J38: 1 | K38: 1C44 | L38: HVACCP-221 | M38: 411001359925 | N38: Active | O38: Yes | P38: =CONCATENATE("IN-BLR-ANANTA-",C38,"_",J38) -> IN-BLR-ANANTA-DDC-234_1 | Q38: uuid://402bbb4b-996d-45b6-bb51-648045c4b2ec | R38: =IFS(C38="","",C38="n/a","N/A",LEN(C38),Concatenate("{",char(34),"asset",char(34),":{",char(34),"guid",char(34),":",char(34),Q38,char(34),",",char(34),"site",char(34),":",char(34),LOWER('2-Building'!$B$4),char(34),",",char(34),"name",char(34),":",char(34),LOWER(C38),char(34),"}}")) -> {"asset":{"guid":"uuid://402bbb4b-996d-45b6-bb51-648045c4b2ec","site":"in-blr-ananta","name":"ddc-234"}} | S38: Eneffen | V38: 2.23 | W38: V3.4 | X38: 5.0.1 | Y38: BACnet IP | Z38: 14034 | AA38: 11501 | AE38: Corphosted | AF38: 5C:C2:13:06:85:E0 | AG38: =IFS(LEN(AF38)=17,LOWER('2-Building'!$B$4 & "-" & C38), AF38="N/A", "N/A", LEN(AF38)=0,"") -> in-blr-ananta-ddc-234 | AK38: 100.95.214.240 | AL38: 255.255.240.0 | AM38: None | AR38: Primary | AS38: BACnet,47808 | AT38: DDC-13 | AU38: Unicast | AV38: No | AW38: N/A | AX38: Gateway Device | AY38: Good | AZ38: Eneffen | BA38: 10 | BB38: Yes | BD38: Landlord | BE38: Basebuilder System and connected on Gen Network | BF38: =IFERROR(__xludf.DUMMYFUNCTION("LOWER(Regexreplace(to_text(E38),""[^A-Za-z0-9]"","""")&""_""&Regexreplace(to_text(F38),""[^A-Za-z0-9]"",""""))"),"sauter_eyrc504fxxx") -> sauter_eyrc504fxxx | BG38: =IFERROR(__xludf.DUMMYFUNCTION("upper(Regexreplace(to_text(E38),""[^A-Za-z0-9]"","""")&""-""&Regexreplace(to_text(F38),""[^A-Za-z0-9]"",""""))"),"SAUTER-EYRC504FXXX") -> SAUTER-EYRC504FXXX
A39: 35 | B39: Building Management System | C39: DDC-235 | D39: DDC-235 | E39: SAUTER | F39: EY-RC504FXXX | G39: Standard | H39: IP (Wired GEN BOS-IoT) | I39: DDC | J39: 1 | K39: 1C44 | L39: HVACCP-221 | M39: 411001359490 | N39: Active | O39: Yes | P39: =CONCATENATE("IN-BLR-ANANTA-",C39,"_",J39) -> IN-BLR-ANANTA-DDC-235_1 | Q39: uuid://376ac7e5-4e2b-42be-b9d8-791a7511050e | R39: =IFS(C39="","",C39="n/a","N/A",LEN(C39),Concatenate("{",char(34),"asset",char(34),":{",char(34),"guid",char(34),":",char(34),Q39,char(34),",",char(34),"site",char(34),":",char(34),LOWER('2-Building'!$B$4),char(34),",",char(34),"name",char(34),":",char(34),LOWER(C39),char(34),"}}")) -> {"asset":{"guid":"uuid://376ac7e5-4e2b-42be-b9d8-791a7511050e","site":"in-blr-ananta","name":"ddc-235"}} | S39: Eneffen | V39: 2.23 | W39: V3.4 | X39: 5.0.1 | Y39: BACnet IP | Z39: 14035 | AA39: 11501 | AE39: Corphosted | AF39: 5C:C2:13:06:87:93 | AG39: =IFS(LEN(AF39)=17,LOWER('2-Building'!$B$4 & "-" & C39), AF39="N/A", "N/A", LEN(AF39)=0,"") -> in-blr-ananta-ddc-235 | AK39: 100.95.214.187 | AL39: 255.255.240.0 | AM39: None | AR39: Primary | AS39: BACnet,47808 | AT39: DDC-13 | AU39: Unicast | AV39: No | AW39: N/A | AX39: Gateway Device | AY39: Good | AZ39: Eneffen | BA39: 10 | BB39: Yes | BD39: Landlord | BE39: Basebuilder System and connected on Gen Network | BF39: =IFERROR(__xludf.DUMMYFUNCTION("LOWER(Regexreplace(to_text(E39),""[^A-Za-z0-9]"","""")&""_""&Regexreplace(to_text(F39),""[^A-Za-z0-9]"",""""))"),"sauter_eyrc504fxxx") -> sauter_eyrc504fxxx | BG39: =IFERROR(__xludf.DUMMYFUNCTION("upper(Regexreplace(to_text(E39),""[^A-Za-z0-9]"","""")&""-""&Regexreplace(to_text(F39),""[^A-Za-z0-9]"",""""))"),"SAUTER-EYRC504FXXX") -> SAUTER-EYRC504FXXX
A40: 36 | B40: Building Management System | C40: DDC-236 | D40: DDC-236 | E40: SAUTER | F40: EY-RC504FXXX | G40: Standard | H40: IP (Wired GEN BOS-IoT) | I40: DDC | J40: 1 | K40: 1D96 | L40: HVACCP-222 | M40: 411001359515 | N40: Active | O40: Yes | P40: =CONCATENATE("IN-BLR-ANANTA-",C40,"_",J40) -> IN-BLR-ANANTA-DDC-236_1 | Q40: uuid://254e5403-2626-4fa0-93ef-65d31e198bcf | R40: =IFS(C40="","",C40="n/a","N/A",LEN(C40),Concatenate("{",char(34),"asset",char(34),":{",char(34),"guid",char(34),":",char(34),Q40,char(34),",",char(34),"site",char(34),":",char(34),LOWER('2-Building'!$B$4),char(34),",",char(34),"name",char(34),":",char(34),LOWER(C40),char(34),"}}")) -> {"asset":{"guid":"uuid://254e5403-2626-4fa0-93ef-65d31e198bcf","site":"in-blr-ananta","name":"ddc-236"}} | S40: Eneffen | V40: 2.23 | W40: V3.4 | X40: 5.0.1 | Y40: BACnet IP | Z40: 14036 | AA40: 11501 | AE40: Corphosted | AF40: 5C:C2:13:06:8D:94 | AG40: =IFS(LEN(AF40)=17,LOWER('2-Building'!$B$4 & "-" & C40), AF40="N/A", "N/A", LEN(AF40)=0,"") -> in-blr-ananta-ddc-236 | AK40: 100.95.215.3 | AL40: 255.255.240.0 | AM40: None | AR40: Primary | AS40: BACnet,47808 | AT40: DDC-14 | AU40: Unicast | AV40: No | AW40: N/A | AX40: Gateway Device | AY40: Good | AZ40: Eneffen | BA40: 10 | BB40: Yes | BD40: Landlord | BE40: Basebuilder System and connected on Gen Network | BF40: =IFERROR(__xludf.DUMMYFUNCTION("LOWER(Regexreplace(to_text(E40),""[^A-Za-z0-9]"","""")&""_""&Regexreplace(to_text(F40),""[^A-Za-z0-9]"",""""))"),"sauter_eyrc504fxxx") -> sauter_eyrc504fxxx | BG40: =IFERROR(__xludf.DUMMYFUNCTION("upper(Regexreplace(to_text(E40),""[^A-Za-z0-9]"","""")&""-""&Regexreplace(to_text(F40),""[^A-Za-z0-9]"",""""))"),"SAUTER-EYRC504FXXX") -> SAUTER-EYRC504FXXX
A41: 37 | B41: Building Management System | C41: DDC-237 | D41: DDC-237 | E41: SAUTER | F41: EY-RC504FXXX | G41: Standard | H41: IP (Wired GEN BOS-IoT) | I41: DDC | J41: 1 | K41: 1D96 | L41: HVACCP-222 | M41: 411001359642 | N41: Active | O41: Yes | P41: =CONCATENATE("IN-BLR-ANANTA-",C41,"_",J41) -> IN-BLR-ANANTA-DDC-237_1 | Q41: uuid://55845a91-9c30-4a26-ba68-814b9c6e3991 | R41: =IFS(C41="","",C41="n/a","N/A",LEN(C41),Concatenate("{",char(34),"asset",char(34),":{",char(34),"guid",char(34),":",char(34),Q41,char(34),",",char(34),"site",char(34),":",char(34),LOWER('2-Building'!$B$4),char(34),",",char(34),"name",char(34),":",char(34),LOWER(C41),char(34),"}}")) -> {"asset":{"guid":"uuid://55845a91-9c30-4a26-ba68-814b9c6e3991","site":"in-blr-ananta","name":"ddc-237"}} | S41: Eneffen | V41: 2.23 | W41: V3.4 | X41: 5.0.1 | Y41: BACnet IP | Z41: 14037 | AA41: 11501 | AE41: Corphosted | AF41: 5C:C2:13:06:8D:A4 | AG41: =IFS(LEN(AF41)=17,LOWER('2-Building'!$B$4 & "-" & C41), AF41="N/A", "N/A", LEN(AF41)=0,"") -> in-blr-ananta-ddc-237 | AK41: 100.95.214.252 | AL41: 255.255.240.0 | AM41: None | AR41: Primary | AS41: BACnet,47808 | AT41: DDC-14 | AU41: Unicast | AV41: No | AW41: N/A | AX41: Gateway Device | AY41: Good | AZ41: Eneffen | BA41: 10 | BB41: Yes | BD41: Landlord | BE41: Basebuilder System and connected on Gen Network | BF41: =IFERROR(__xludf.DUMMYFUNCTION("LOWER(Regexreplace(to_text(E41),""[^A-Za-z0-9]"","""")&""_""&Regexreplace(to_text(F41),""[^A-Za-z0-9]"",""""))"),"sauter_eyrc504fxxx") -> sauter_eyrc504fxxx | BG41: =IFERROR(__xludf.DUMMYFUNCTION("upper(Regexreplace(to_text(E41),""[^A-Za-z0-9]"","""")&""-""&Regexreplace(to_text(F41),""[^A-Za-z0-9]"",""""))"),"SAUTER-EYRC504FXXX") -> SAUTER-EYRC504FXXX
A42: 38 | B42: Building Management System | C42: DDC-238 | D42: DDC-238 | E42: SAUTER | F42: EY-RC504FXXX | G42: Standard | H42: IP (Wired GEN BOS-IoT) | I42: DDC | J42: 1 | K42: 1B27 | L42: HVACCP-223 | M42: 411001359589 | N42: Active | O42: Yes | P42: =CONCATENATE("IN-BLR-ANANTA-",C42,"_",J42) -> IN-BLR-ANANTA-DDC-238_1 | Q42: uuid://0f348df8-d876-4bbc-b03d-32c0635d3745 | R42: =IFS(C42="","",C42="n/a","N/A",LEN(C42),Concatenate("{",char(34),"asset",char(34),":{",char(34),"guid",char(34),":",char(34),Q42,char(34),",",char(34),"site",char(34),":",char(34),LOWER('2-Building'!$B$4),char(34),",",char(34),"name",char(34),":",char(34),LOWER(C42),char(34),"}}")) -> {"asset":{"guid":"uuid://0f348df8-d876-4bbc-b03d-32c0635d3745","site":"in-blr-ananta","name":"ddc-238"}} | S42: Eneffen | V42: 2.23 | W42: V3.4 | X42: 5.0.1 | Y42: BACnet IP | Z42: 14038 | AA42: 11501 | AE42: Corphosted | AF42: 5C:C2:13:06:85:DF | AG42: =IFS(LEN(AF42)=17,LOWER('2-Building'!$B$4 & "-" & C42), AF42="N/A", "N/A", LEN(AF42)=0,"") -> in-blr-ananta-ddc-238 | AK42: 100.95.215.6 | AL42: 255.255.240.0 | AM42: None | AR42: Primary | AS42: BACnet,47808 | AT42: DDC-17 | AU42: Unicast | AV42: No | AW42: N/A | AX42: Gateway Device | AY42: Good | AZ42: Eneffen | BA42: 10 | BB42: Yes | BD42: Landlord | BE42: Basebuilder System and connected on Gen Network | BF42: =IFERROR(__xludf.DUMMYFUNCTION("LOWER(Regexreplace(to_text(E42),""[^A-Za-z0-9]"","""")&""_""&Regexreplace(to_text(F42),""[^A-Za-z0-9]"",""""))"),"sauter_eyrc504fxxx") -> sauter_eyrc504fxxx | BG42: =IFERROR(__xludf.DUMMYFUNCTION("upper(Regexreplace(to_text(E42),""[^A-Za-z0-9]"","""")&""-""&Regexreplace(to_text(F42),""[^A-Za-z0-9]"",""""))"),"SAUTER-EYRC504FXXX") -> SAUTER-EYRC504FXXX
A43: 39 | B43: Building Management System | C43: DDC-239 | D43: DDC-239 | E43: SAUTER | F43: EY-RC504FXXX | G43: Standard | H43: IP (Wired GEN BOS-IoT) | I43: DDC | J43: 1 | K43: 1A31 | L43: HVACCP-224 | M43: 411001359643 | N43: Active | O43: Yes | P43: =CONCATENATE("IN-BLR-ANANTA-",C43,"_",J43) -> IN-BLR-ANANTA-DDC-239_1 | Q43: uuid://237ea3f7-5c4e-4760-b650-92a9b3fd59f2 | R43: =IFS(C43="","",C43="n/a","N/A",LEN(C43),Concatenate("{",char(34),"asset",char(34),":{",char(34),"guid",char(34),":",char(34),Q43,char(34),",",char(34),"site",char(34),":",char(34),LOWER('2-Building'!$B$4),char(34),",",char(34),"name",char(34),":",char(34),LOWER(C43),char(34),"}}")) -> {"asset":{"guid":"uuid://237ea3f7-5c4e-4760-b650-92a9b3fd59f2","site":"in-blr-ananta","name":"ddc-239"}} | S43: Eneffen | V43: 2.23 | W43: V3.4 | X43: 5.0.1 | Y43: BACnet IP | Z43: 14039 | AA43: 11501 | AE43: Corphosted | AF43: 5C:C2:13:06:8D:7D | AG43: =IFS(LEN(AF43)=17,LOWER('2-Building'!$B$4 & "-" & C43), AF43="N/A", "N/A", LEN(AF43)=0,"") -> in-blr-ananta-ddc-239 | AK43: 100.95.215.61 | AL43: 255.255.240.0 | AM43: None | AR43: Primary | AS43: BACnet,47808 | AT43: DDC-17 | AU43: Unicast | AV43: No | AW43: N/A | AX43: Gateway Device | AY43: Good | AZ43: Eneffen | BA43: 10 | BB43: Yes | BD43: Landlord | BE43: Basebuilder System and connected on Gen Network | BF43: =IFERROR(__xludf.DUMMYFUNCTION("LOWER(Regexreplace(to_text(E43),""[^A-Za-z0-9]"","""")&""_""&Regexreplace(to_text(F43),""[^A-Za-z0-9]"",""""))"),"sauter_eyrc504fxxx") -> sauter_eyrc504fxxx | BG43: =IFERROR(__xludf.DUMMYFUNCTION("upper(Regexreplace(to_text(E43),""[^A-Za-z0-9]"","""")&""-""&Regexreplace(to_text(F43),""[^A-Za-z0-9]"",""""))"),"SAUTER-EYRC504FXXX") -> SAUTER-EYRC504FXXX
A44: 40 | B44: Building Management System | C44: DDC-240 | D44: DDC-240 | E44: SAUTER | F44: EY-RC504FXXX | G44: Standard | H44: IP (Wired GEN BOS-IoT) | I44: DDC | J44: 2 | K44: 263 | L44: HVACCP-225 | M44: 411001360114 | N44: Active | O44: Yes | P44: =CONCATENATE("IN-BLR-ANANTA-",C44,"_",J44) -> IN-BLR-ANANTA-DDC-240_2 | Q44: uuid://3d6d649c-c248-4944-b152-f2fa63413847 | R44: =IFS(C44="","",C44="n/a","N/A",LEN(C44),Concatenate("{",char(34),"asset",char(34),":{",char(34),"guid",char(34),":",char(34),Q44,char(34),",",char(34),"site",char(34),":",char(34),LOWER('2-Building'!$B$4),char(34),",",char(34),"name",char(34),":",char(34),LOWER(C44),char(34),"}}")) -> {"asset":{"guid":"uuid://3d6d649c-c248-4944-b152-f2fa63413847","site":"in-blr-ananta","name":"ddc-240"}} | S44: Eneffen | V44: 2.23 | W44: V3.4 | X44: 5.0.1 | Y44: BACnet IP | Z44: 14040 | AA44: 11501 | AE44: Corphosted | AF44: 5C:C2:13:06:8D:78 | AG44: =IFS(LEN(AF44)=17,LOWER('2-Building'!$B$4 & "-" & C44), AF44="N/A", "N/A", LEN(AF44)=0,"") -> in-blr-ananta-ddc-240 | AK44: 100.95.215.49 | AL44: 255.255.240.0 | AM44: None | AR44: Primary | AS44: BACnet,47808 | AT44: DDC-18 | AU44: Unicast | AV44: No | AW44: N/A | AX44: Gateway Device | AY44: Good | AZ44: Eneffen | BA44: 10 | BB44: Yes | BD44: Landlord | BE44: Basebuilder System and connected on Gen Network | BF44: =IFERROR(__xludf.DUMMYFUNCTION("LOWER(Regexreplace(to_text(E44),""[^A-Za-z0-9]"","""")&""_""&Regexreplace(to_text(F44),""[^A-Za-z0-9]"",""""))"),"sauter_eyrc504fxxx") -> sauter_eyrc504fxxx | BG44: =IFERROR(__xludf.DUMMYFUNCTION("upper(Regexreplace(to_text(E44),""[^A-Za-z0-9]"","""")&""-""&Regexreplace(to_text(F44),""[^A-Za-z0-9]"",""""))"),"SAUTER-EYRC504FXXX") -> SAUTER-EYRC504FXXX
A45: 41 | B45: Building Management System | C45: DDC-241 | D45: DDC-241 | E45: SAUTER | F45: EY-RC504FXXX | G45: Standard | H45: IP (Wired GEN BOS-IoT) | I45: DDC | J45: 2 | K45: 263 | L45: HVACCP-225 | M45: 411001239222 | N45: Active | O45: Yes | P45: =CONCATENATE("IN-BLR-ANANTA-",C45,"_",J45) -> IN-BLR-ANANTA-DDC-241_2 | Q45: uuid://e7d2ddfd-b7f6-4513-a7e9-2c87a714d9fd | R45: =IFS(C45="","",C45="n/a","N/A",LEN(C45),Concatenate("{",char(34),"asset",char(34),":{",char(34),"guid",char(34),":",char(34),Q45,char(34),",",char(34),"site",char(34),":",char(34),LOWER('2-Building'!$B$4),char(34),",",char(34),"name",char(34),":",char(34),LOWER(C45),char(34),"}}")) -> {"asset":{"guid":"uuid://e7d2ddfd-b7f6-4513-a7e9-2c87a714d9fd","site":"in-blr-ananta","name":"ddc-241"}} | S45: Eneffen | V45: 2.23 | W45: V3.4 | X45: 5.0.1 | Y45: BACnet IP | Z45: 14041 | AA45: 11501 | AE45: Corphosted | AF45: 5C:C2:13:06:DC:19 | AG45: =IFS(LEN(AF45)=17,LOWER('2-Building'!$B$4 & "-" & C45), AF45="N/A", "N/A", LEN(AF45)=0,"") -> in-blr-ananta-ddc-241 | AK45: 100.95.215.55 | AL45: 255.255.240.0 | AM45: None | AR45: Primary | AS45: BACnet,47808 | AT45: DDC-18 | AU45: Unicast | AV45: No | AW45: N/A | AX45: Gateway Device | AY45: Good | AZ45: Eneffen | BA45: 10 | BB45: Yes | BD45: Landlord | BE45: Basebuilder System and connected on Gen Network | BF45: =IFERROR(__xludf.DUMMYFUNCTION("LOWER(Regexreplace(to_text(E45),""[^A-Za-z0-9]"","""")&""_""&Regexreplace(to_text(F45),""[^A-Za-z0-9]"",""""))"),"sauter_eyrc504fxxx") -> sauter_eyrc504fxxx | BG45: =IFERROR(__xludf.DUMMYFUNCTION("upper(Regexreplace(to_text(E45),""[^A-Za-z0-9]"","""")&""-""&Regexreplace(to_text(F45),""[^A-Za-z0-9]"",""""))"),"SAUTER-EYRC504FXXX") -> SAUTER-EYRC504FXXX
A46: 42 | B46: Building Management System | C46: DDC-242 | D46: DDC-242 | E46: SAUTER | F46: EY-RC504FXXX | G46: Standard | H46: IP (Wired GEN BOS-IoT) | I46: DDC | J46: 2 | K46: 275 | L46: HVACCP-226 | M46: 411001360222 | N46: Active | O46: Yes | P46: =CONCATENATE("IN-BLR-ANANTA-",C46,"_",J46) -> IN-BLR-ANANTA-DDC-242_2 | Q46: uuid://d809c17f-ed38-4be4-a007-f4c97fcc9a4f | R46: =IFS(C46="","",C46="n/a","N/A",LEN(C46),Concatenate("{",char(34),"asset",char(34),":{",char(34),"guid",char(34),":",char(34),Q46,char(34),",",char(34),"site",char(34),":",char(34),LOWER('2-Building'!$B$4),char(34),",",char(34),"name",char(34),":",char(34),LOWER(C46),char(34),"}}")) -> {"asset":{"guid":"uuid://d809c17f-ed38-4be4-a007-f4c97fcc9a4f","site":"in-blr-ananta","name":"ddc-242"}} | S46: Eneffen | V46: 2.23 | W46: V3.4 | X46: 5.0.1 | Y46: BACnet IP | Z46: 14042 | AA46: 11501 | AE46: Corphosted | AF46: 5C:C2:13:06:8D:9A | AG46: =IFS(LEN(AF46)=17,LOWER('2-Building'!$B$4 & "-" & C46), AF46="N/A", "N/A", LEN(AF46)=0,"") -> in-blr-ananta-ddc-242 | AK46: 100.95.215.60 | AL46: 255.255.240.0 | AM46: None | AR46: Primary | AS46: BACnet,47808 | AT46: DDC-21 | AU46: Unicast | AV46: No | AW46: N/A | AX46: Gateway Device | AY46: Good | AZ46: Eneffen | BA46: 10 | BB46: Yes | BD46: Landlord | BE46: Basebuilder System and connected on Gen Network | BF46: =IFERROR(__xludf.DUMMYFUNCTION("LOWER(Regexreplace(to_text(E46),""[^A-Za-z0-9]"","""")&""_""&Regexreplace(to_text(F46),""[^A-Za-z0-9]"",""""))"),"sauter_eyrc504fxxx") -> sauter_eyrc504fxxx | BG46: =IFERROR(__xludf.DUMMYFUNCTION("upper(Regexreplace(to_text(E46),""[^A-Za-z0-9]"","""")&""-""&Regexreplace(to_text(F46),""[^A-Za-z0-9]"",""""))"),"SAUTER-EYRC504FXXX") -> SAUTER-EYRC504FXXX
A47: 43 | B47: Building Management System | C47: DDC-243 | D47: DDC-243 | E47: SAUTER | F47: EY-RC504FXXX | G47: Standard | H47: IP (Wired GEN BOS-IoT) | I47: DDC | J47: 2 | K47: 275 | L47: HVACCP-226 | M47: 411001239262 | N47: Active | O47: Yes | P47: =CONCATENATE("IN-BLR-ANANTA-",C47,"_",J47) -> IN-BLR-ANANTA-DDC-243_2 | Q47: uuid://15173016-58da-4f7d-9d28-0edca05f05fd | R47: =IFS(C47="","",C47="n/a","N/A",LEN(C47),Concatenate("{",char(34),"asset",char(34),":{",char(34),"guid",char(34),":",char(34),Q47,char(34),",",char(34),"site",char(34),":",char(34),LOWER('2-Building'!$B$4),char(34),",",char(34),"name",char(34),":",char(34),LOWER(C47),char(34),"}}")) -> {"asset":{"guid":"uuid://15173016-58da-4f7d-9d28-0edca05f05fd","site":"in-blr-ananta","name":"ddc-243"}} | S47: Eneffen | V47: 2.23 | W47: V3.4 | X47: 5.0.1 | Y47: BACnet IP | Z47: 14043 | AA47: 11501 | AE47: Corphosted | AF47: 5C:C2:13:05:DB:92 | AG47: =IFS(LEN(AF47)=17,LOWER('2-Building'!$B$4 & "-" & C47), AF47="N/A", "N/A", LEN(AF47)=0,"") -> in-blr-ananta-ddc-243 | AK47: 100.95.215.65 | AL47: 255.255.240.0 | AM47: None | AR47: Primary | AS47: BACnet,47808 | AT47: DDC-21 | AU47: Unicast | AV47: No | AW47: N/A | AX47: Gateway Device | AY47: Good | AZ47: Eneffen | BA47: 10 | BB47: Yes | BD47: Landlord | BE47: Basebuilder System and connected on Gen Network | BF47: =IFERROR(__xludf.DUMMYFUNCTION("LOWER(Regexreplace(to_text(E47),""[^A-Za-z0-9]"","""")&""_""&Regexreplace(to_text(F47),""[^A-Za-z0-9]"",""""))"),"sauter_eyrc504fxxx") -> sauter_eyrc504fxxx | BG47: =IFERROR(__xludf.DUMMYFUNCTION("upper(Regexreplace(to_text(E47),""[^A-Za-z0-9]"","""")&""-""&Regexreplace(to_text(F47),""[^A-Za-z0-9]"",""""))"),"SAUTER-EYRC504FXXX") -> SAUTER-EYRC504FXXX
A48: 44 | B48: Building Management System | C48: DDC-244 | D48: DDC-244 | E48: SAUTER | F48: EY-RC504FXXX | G48: Standard | H48: IP (Wired GEN BOS-IoT) | I48: DDC | J48: 2 | K48: 219 | L48: HVACCP-227 | M48: 411001239502 | N48: Active | O48: Yes | P48: =CONCATENATE("IN-BLR-ANANTA-",C48,"_",J48) -> IN-BLR-ANANTA-DDC-244_2 | Q48: uuid://ccde7d7f-3ffd-4273-84ee-59e93e76661b | R48: =IFS(C48="","",C48="n/a","N/A",LEN(C48),Concatenate("{",char(34),"asset",char(34),":{",char(34),"guid",char(34),":",char(34),Q48,char(34),",",char(34),"site",char(34),":",char(34),LOWER('2-Building'!$B$4),char(34),",",char(34),"name",char(34),":",char(34),LOWER(C48),char(34),"}}")) -> {"asset":{"guid":"uuid://ccde7d7f-3ffd-4273-84ee-59e93e76661b","site":"in-blr-ananta","name":"ddc-244"}} | S48: Eneffen | V48: 2.23 | W48: V3.4 | X48: 5.0.1 | Y48: BACnet IP | Z48: 14044 | AA48: 11501 | AE48: Corphosted | AF48: 5C:C2:13:05:DB:8B | AG48: =IFS(LEN(AF48)=17,LOWER('2-Building'!$B$4 & "-" & C48), AF48="N/A", "N/A", LEN(AF48)=0,"") -> in-blr-ananta-ddc-244 | AK48: 100.95.215.34 | AL48: 255.255.240.0 | AM48: None | AR48: Primary | AS48: BACnet,47808 | AT48: DDC-19 | AU48: Unicast | AV48: No | AW48: N/A | AX48: Gateway Device | AY48: Good | AZ48: Eneffen | BA48: 10 | BB48: Yes | BD48: Landlord | BE48: Basebuilder System and connected on Gen Network | BF48: =IFERROR(__xludf.DUMMYFUNCTION("LOWER(Regexreplace(to_text(E48),""[^A-Za-z0-9]"","""")&""_""&Regexreplace(to_text(F48),""[^A-Za-z0-9]"",""""))"),"sauter_eyrc504fxxx") -> sauter_eyrc504fxxx | BG48: =IFERROR(__xludf.DUMMYFUNCTION("upper(Regexreplace(to_text(E48),""[^A-Za-z0-9]"","""")&""-""&Regexreplace(to_text(F48),""[^A-Za-z0-9]"",""""))"),"SAUTER-EYRC504FXXX") -> SAUTER-EYRC504FXXX
A49: 45 | B49: Building Management System | C49: DDC-245 | D49: DDC-245 | E49: SAUTER | F49: EY-RC504FXXX | G49: Standard | H49: IP (Wired GEN BOS-IoT) | I49: DDC | J49: 2 | K49: 219 | L49: HVACCP-227 | M49: 411001239110 | N49: Active | O49: Yes | P49: =CONCATENATE("IN-BLR-ANANTA-",C49,"_",J49) -> IN-BLR-ANANTA-DDC-245_2 | Q49: uuid://60c6238d-b42a-4a9a-a570-45e3a2383ae9 | R49: =IFS(C49="","",C49="n/a","N/A",LEN(C49),Concatenate("{",char(34),"asset",char(34),":{",char(34),"guid",char(34),":",char(34),Q49,char(34),",",char(34),"site",char(34),":",char(34),LOWER('2-Building'!$B$4),char(34),",",char(34),"name",char(34),":",char(34),LOWER(C49),char(34),"}}")) -> {"asset":{"guid":"uuid://60c6238d-b42a-4a9a-a570-45e3a2383ae9","site":"in-blr-ananta","name":"ddc-245"}} | S49: Eneffen | V49: 2.23 | W49: V3.4 | X49: 5.0.1 | Y49: BACnet IP | Z49: 14045 | AA49: 11501 | AE49: Corphosted | AF49: 5C:C2:13:05:DB:C2 | AG49: =IFS(LEN(AF49)=17,LOWER('2-Building'!$B$4 & "-" & C49), AF49="N/A", "N/A", LEN(AF49)=0,"") -> in-blr-ananta-ddc-245 | AK49: 100.95.215.23 | AL49: 255.255.240.0 | AM49: None | AR49: Primary | AS49: BACnet,47808 | AT49: DDC-19 | AU49: Unicast | AV49: No | AW49: N/A | AX49: Gateway Device | AY49: Good | AZ49: Eneffen | BA49: 10 | BB49: Yes | BD49: Landlord | BE49: Basebuilder System and connected on Gen Network | BF49: =IFERROR(__xludf.DUMMYFUNCTION("LOWER(Regexreplace(to_text(E49),""[^A-Za-z0-9]"","""")&""_""&Regexreplace(to_text(F49),""[^A-Za-z0-9]"",""""))"),"sauter_eyrc504fxxx") -> sauter_eyrc504fxxx | BG49: =IFERROR(__xludf.DUMMYFUNCTION("upper(Regexreplace(to_text(E49),""[^A-Za-z0-9]"","""")&""-""&Regexreplace(to_text(F49),""[^A-Za-z0-9]"",""""))"),"SAUTER-EYRC504FXXX") -> SAUTER-EYRC504FXXX
A50: 46 | B50: Building Management System | C50: DDC-246 | D50: DDC-246 | E50: SAUTER | F50: EY-RC504FXXX | G50: Standard | H50: IP (Wired GEN BOS-IoT) | I50: DDC | J50: 2 | K50: 248 | L50: HVACCP-228 | M50: 411001235231 | N50: Active | O50: Yes | P50: =CONCATENATE("IN-BLR-ANANTA-",C50,"_",J50) -> IN-BLR-ANANTA-DDC-246_2 | Q50: uuid://d36fad48-6a49-4fb5-825e-6e01c7e4e598 | R50: =IFS(C50="","",C50="n/a","N/A",LEN(C50),Concatenate("{",char(34),"asset",char(34),":{",char(34),"guid",char(34),":",char(34),Q50,char(34),",",char(34),"site",char(34),":",char(34),LOWER('2-Building'!$B$4),char(34),",",char(34),"name",char(34),":",char(34),LOWER(C50),char(34),"}}")) -> {"asset":{"guid":"uuid://d36fad48-6a49-4fb5-825e-6e01c7e4e598","site":"in-blr-ananta","name":"ddc-246"}} | S50: Eneffen | V50: 2.23 | W50: V3.4 | X50: 5.0.1 | Y50: BACnet IP | Z50: 14046 | AA50: 11501 | AE50: Corphosted | AF50: 5C:C2:13:05:DD:9B | AG50: =IFS(LEN(AF50)=17,LOWER('2-Building'!$B$4 & "-" & C50), AF50="N/A", "N/A", LEN(AF50)=0,"") -> in-blr-ananta-ddc-246 | AK50: 100.95.215.16 | AL50: 255.255.240.0 | AM50: None | AR50: Primary | AS50: BACnet,47808 | AT50: DDC-20 | AU50: Unicast | AV50: No | AW50: N/A | AX50: Gateway Device | AY50: Good | AZ50: Eneffen | BA50: 10 | BB50: Yes | BD50: Landlord | BE50: Basebuilder System and connected on Gen Network | BF50: =IFERROR(__xludf.DUMMYFUNCTION("LOWER(Regexreplace(to_text(E50),""[^A-Za-z0-9]"","""")&""_""&Regexreplace(to_text(F50),""[^A-Za-z0-9]"",""""))"),"sauter_eyrc504fxxx") -> sauter_eyrc504fxxx | BG50: =IFERROR(__xludf.DUMMYFUNCTION("upper(Regexreplace(to_text(E50),""[^A-Za-z0-9]"","""")&""-""&Regexreplace(to_text(F50),""[^A-Za-z0-9]"",""""))"),"SAUTER-EYRC504FXXX") -> SAUTER-EYRC504FXXX
A51: 47 | B51: Building Management System | C51: DDC-247 | D51: DDC-247 | E51: SAUTER | F51: EY-RC504FXXX | G51: Standard | H51: IP (Wired GEN BOS-IoT) | I51: DDC | J51: 2 | K51: 248 | L51: HVACCP-228 | M51: 411001235506 | N51: Active | O51: Yes | P51: =CONCATENATE("IN-BLR-ANANTA-",C51,"_",J51) -> IN-BLR-ANANTA-DDC-247_2 | Q51: uuid://69d1edea-c2b8-4e25-bf75-1a2bc9ee250e | R51: =IFS(C51="","",C51="n/a","N/A",LEN(C51),Concatenate("{",char(34),"asset",char(34),":{",char(34),"guid",char(34),":",char(34),Q51,char(34),",",char(34),"site",char(34),":",char(34),LOWER('2-Building'!$B$4),char(34),",",char(34),"name",char(34),":",char(34),LOWER(C51),char(34),"}}")) -> {"asset":{"guid":"uuid://69d1edea-c2b8-4e25-bf75-1a2bc9ee250e","site":"in-blr-ananta","name":"ddc-247"}} | S51: Eneffen | V51: 2.23 | W51: V3.4 | X51: 5.0.1 | Y51: BACnet IP | Z51: 14047 | AA51: 11501 | AE51: Corphosted | AF51: 5C:C2:13:05:DB:DA | AG51: =IFS(LEN(AF51)=17,LOWER('2-Building'!$B$4 & "-" & C51), AF51="N/A", "N/A", LEN(AF51)=0,"") -> in-blr-ananta-ddc-247 | AK51: 100.95.215.46 | AL51: 255.255.240.0 | AM51: None | AR51: Primary | AS51: BACnet,47808 | AT51: DDC-20 | AU51: Unicast | AV51: No | AW51: N/A | AX51: Gateway Device | AY51: Good | AZ51: Eneffen | BA51: 10 | BB51: Yes | BD51: Landlord | BE51: Basebuilder System and connected on Gen Network | BF51: =IFERROR(__xludf.DUMMYFUNCTION("LOWER(Regexreplace(to_text(E51),""[^A-Za-z0-9]"","""")&""_""&Regexreplace(to_text(F51),""[^A-Za-z0-9]"",""""))"),"sauter_eyrc504fxxx") -> sauter_eyrc504fxxx | BG51: =IFERROR(__xludf.DUMMYFUNCTION("upper(Regexreplace(to_text(E51),""[^A-Za-z0-9]"","""")&""-""&Regexreplace(to_text(F51),""[^A-Za-z0-9]"",""""))"),"SAUTER-EYRC504FXXX") -> SAUTER-EYRC504FXXX
A52: 48 | B52: Building Management System | C52: DDC-248 | D52: DDC-248 | E52: SAUTER | F52: EY-RC504FXXX | G52: Standard | H52: IP (Wired GEN BOS-IoT) | I52: DDC | J52: 2 | K52: 233 | L52: HVACCP-229 | M52: 411001239509 | N52: Active | O52: Yes | P52: =CONCATENATE("IN-BLR-ANANTA-",C52,"_",J52) -> IN-BLR-ANANTA-DDC-248_2 | Q52: uuid://f4797549-784a-492d-a0ce-678051e5c6be | R52: =IFS(C52="","",C52="n/a","N/A",LEN(C52),Concatenate("{",char(34),"asset",char(34),":{",char(34),"guid",char(34),":",char(34),Q52,char(34),",",char(34),"site",char(34),":",char(34),LOWER('2-Building'!$B$4),char(34),",",char(34),"name",char(34),":",char(34),LOWER(C52),char(34),"}}")) -> {"asset":{"guid":"uuid://f4797549-784a-492d-a0ce-678051e5c6be","site":"in-blr-ananta","name":"ddc-248"}} | S52: Eneffen | V52: 2.23 | W52: V3.4 | X52: 5.0.1 | Y52: BACnet IP | Z52: 14048 | AA52: 11501 | AE52: Corphosted | AF52: 5C:C2:13:05:DB:E7 | AG52: =IFS(LEN(AF52)=17,LOWER('2-Building'!$B$4 & "-" & C52), AF52="N/A", "N/A", LEN(AF52)=0,"") -> in-blr-ananta-ddc-248 | AK52: 100.95.215.71 | AL52: 255.255.240.0 | AM52: None | AR52: Primary | AS52: BACnet,47808 | AT52: DDC-23 | AU52: Unicast | AV52: No | AW52: N/A | AX52: Gateway Device | AY52: Good | AZ52: Eneffen | BA52: 10 | BB52: Yes | BD52: Landlord | BE52: Basebuilder System and connected on Gen Network | BF52: =IFERROR(__xludf.DUMMYFUNCTION("LOWER(Regexreplace(to_text(E52),""[^A-Za-z0-9]"","""")&""_""&Regexreplace(to_text(F52),""[^A-Za-z0-9]"",""""))"),"sauter_eyrc504fxxx") -> sauter_eyrc504fxxx | BG52: =IFERROR(__xludf.DUMMYFUNCTION("upper(Regexreplace(to_text(E52),""[^A-Za-z0-9]"","""")&""-""&Regexreplace(to_text(F52),""[^A-Za-z0-9]"",""""))"),"SAUTER-EYRC504FXXX") -> SAUTER-EYRC504FXXX
A53: 49 | B53: Building Management System | C53: DDC-249 | D53: DDC-249 | E53: SAUTER | F53: EY-RC504FXXX | G53: Standard | H53: IP (Wired GEN BOS-IoT) | I53: DDC | J53: 2 | K53: 233 | L53: HVACCP-230 | M53: 411001239114 | N53: Active | O53: Yes | P53: =CONCATENATE("IN-BLR-ANANTA-",C53,"_",J53) -> IN-BLR-ANANTA-DDC-249_2 | Q53: uuid://c21fc382-d92a-43da-b955-480f0c68426f | R53: =IFS(C53="","",C53="n/a","N/A",LEN(C53),Concatenate("{",char(34),"asset",char(34),":{",char(34),"guid",char(34),":",char(34),Q53,char(34),",",char(34),"site",char(34),":",char(34),LOWER('2-Building'!$B$4),char(34),",",char(34),"name",char(34),":",char(34),LOWER(C53),char(34),"}}")) -> {"asset":{"guid":"uuid://c21fc382-d92a-43da-b955-480f0c68426f","site":"in-blr-ananta","name":"ddc-249"}} | S53: Eneffen | V53: 2.23 | W53: V3.4 | X53: 5.0.1 | Y53: BACnet IP | Z53: 14049 | AA53: 11501 | AE53: Corphosted | AF53: 5C:C2:13:05:DB:F0 | AG53: =IFS(LEN(AF53)=17,LOWER('2-Building'!$B$4 & "-" & C53), AF53="N/A", "N/A", LEN(AF53)=0,"") -> in-blr-ananta-ddc-249 | AK53: 100.95.215.99 | AL53: 255.255.240.0 | AM53: None | AR53: Primary | AS53: BACnet,47808 | AT53: DDC-23 | AU53: Unicast | AV53: No | AW53: N/A | AX53: Gateway Device | AY53: Good | AZ53: Eneffen | BA53: 10 | BB53: Yes | BD53: Landlord | BE53: Basebuilder System and connected on Gen Network | BF53: =IFERROR(__xludf.DUMMYFUNCTION("LOWER(Regexreplace(to_text(E53),""[^A-Za-z0-9]"","""")&""_""&Regexreplace(to_text(F53),""[^A-Za-z0-9]"",""""))"),"sauter_eyrc504fxxx") -> sauter_eyrc504fxxx | BG53: =IFERROR(__xludf.DUMMYFUNCTION("upper(Regexreplace(to_text(E53),""[^A-Za-z0-9]"","""")&""-""&Regexreplace(to_text(F53),""[^A-Za-z0-9]"",""""))"),"SAUTER-EYRC504FXXX") -> SAUTER-EYRC504FXXX
A54: 50 | B54: Building Management System | C54: DDC-250 | D54: DDC-250 | E54: SAUTER | F54: EY-RC504FXXX | G54: Standard | H54: IP (Wired GEN BOS-IoT) | I54: DDC | J54: 2 | K54: 234 | L54: HVACCP-231 | M54: 411001237449 | N54: Active | O54: Yes | P54: =CONCATENATE("IN-BLR-ANANTA-",C54,"_",J54) -> IN-BLR-ANANTA-DDC-250_2 | Q54: uuid://fe1783b9-e7d5-41fb-afd6-bedfaa9bc857 | R54: =IFS(C54="","",C54="n/a","N/A",LEN(C54),Concatenate("{",char(34),"asset",char(34),":{",char(34),"guid",char(34),":",char(34),Q54,char(34),",",char(34),"site",char(34),":",char(34),LOWER('2-Building'!$B$4),char(34),",",char(34),"name",char(34),":",char(34),LOWER(C54),char(34),"}}")) -> {"asset":{"guid":"uuid://fe1783b9-e7d5-41fb-afd6-bedfaa9bc857","site":"in-blr-ananta","name":"ddc-250"}} | S54: Eneffen | V54: 2.23 | W54: V3.4 | X54: 5.0.1 | Y54: BACnet IP | Z54: 14050 | AA54: 11501 | AE54: Corphosted | AF54: 5C:C2:13:05:DC:23 | AG54: =IFS(LEN(AF54)=17,LOWER('2-Building'!$B$4 & "-" & C54), AF54="N/A", "N/A", LEN(AF54)=0,"") -> in-blr-ananta-ddc-250 | AK54: 100.95.215.109 | AL54: 255.255.240.0 | AM54: None | AR54: Primary | AS54: BACnet,47808 | AT54: DDC-22 | AU54: Unicast | AV54: No | AW54: N/A | AX54: Gateway Device | AY54: Good | AZ54: Eneffen | BA54: 10 | BB54: Yes | BD54: Landlord | BE54: Basebuilder System and connected on Gen Network | BF54: =IFERROR(__xludf.DUMMYFUNCTION("LOWER(Regexreplace(to_text(E54),""[^A-Za-z0-9]"","""")&""_""&Regexreplace(to_text(F54),""[^A-Za-z0-9]"",""""))"),"sauter_eyrc504fxxx") -> sauter_eyrc504fxxx | BG54: =IFERROR(__xludf.DUMMYFUNCTION("upper(Regexreplace(to_text(E54),""[^A-Za-z0-9]"","""")&""-""&Regexreplace(to_text(F54),""[^A-Za-z0-9]"",""""))"),"SAUTER-EYRC504FXXX") -> SAUTER-EYRC504FXXX
A55: 51 | B55: Building Management System | C55: DDC-251 | D55: DDC-251 | E55: SAUTER | F55: EY-RC504FXXX | G55: Standard | H55: IP (Wired GEN BOS-IoT) | I55: DDC | J55: 2 | K55: 234 | L55: HVACCP-232 | M55: 411001359936 | N55: Active | O55: Yes | P55: =CONCATENATE("IN-BLR-ANANTA-",C55,"_",J55) -> IN-BLR-ANANTA-DDC-251_2 | Q55: uuid://a0fa63ff-a8c4-4b94-89be-aebc632f485f | R55: =IFS(C55="","",C55="n/a","N/A",LEN(C55),Concatenate("{",char(34),"asset",char(34),":{",char(34),"guid",char(34),":",char(34),Q55,char(34),",",char(34),"site",char(34),":",char(34),LOWER('2-Building'!$B$4),char(34),",",char(34),"name",char(34),":",char(34),LOWER(C55),char(34),"}}")) -> {"asset":{"guid":"uuid://a0fa63ff-a8c4-4b94-89be-aebc632f485f","site":"in-blr-ananta","name":"ddc-251"}} | S55: Eneffen | V55: 2.23 | W55: V3.4 | X55: 5.0.1 | Y55: BACnet IP | Z55: 14051 | AA55: 11501 | AE55: Corphosted | AF55: 5C:C2:13:05:DB:E4 | AG55: =IFS(LEN(AF55)=17,LOWER('2-Building'!$B$4 & "-" & C55), AF55="N/A", "N/A", LEN(AF55)=0,"") -> in-blr-ananta-ddc-251 | AK55: 100.95.214.209 | AL55: 255.255.240.0 | AM55: None | AR55: Primary | AS55: BACnet,47808 | AT55: DDC-22 | AU55: Unicast | AV55: No | AW55: N/A | AX55: Gateway Device | AY55: Good | AZ55: Eneffen | BA55: 10 | BB55: Yes | BD55: Landlord | BE55: Basebuilder System and connected on Gen Network | BF55: =IFERROR(__xludf.DUMMYFUNCTION("LOWER(Regexreplace(to_text(E55),""[^A-Za-z0-9]"","""")&""_""&Regexreplace(to_text(F55),""[^A-Za-z0-9]"",""""))"),"sauter_eyrc504fxxx") -> sauter_eyrc504fxxx | BG55: =IFERROR(__xludf.DUMMYFUNCTION("upper(Regexreplace(to_text(E55),""[^A-Za-z0-9]"","""")&""-""&Regexreplace(to_text(F55),""[^A-Za-z0-9]"",""""))"),"SAUTER-EYRC504FXXX") -> SAUTER-EYRC504FXXX
A56: 52 | B56: Building Management System | C56: DDC-252 | D56: DDC-252 | E56: SAUTER | F56: EY-RC504FXXX | G56: Standard | H56: IP (Wired GEN BOS-IoT) | I56: DDC | J56: 3 | K56: 363 | L56: HVACCP-233 | M56: 411001239436 | N56: Active | O56: Yes | P56: =CONCATENATE("IN-BLR-ANANTA-",C56,"_",J56) -> IN-BLR-ANANTA-DDC-252_3 | Q56: uuid://6cfeb34e-8376-4f40-9777-f6f7b82d5ec0 | R56: =IFS(C56="","",C56="n/a","N/A",LEN(C56),Concatenate("{",char(34),"asset",char(34),":{",char(34),"guid",char(34),":",char(34),Q56,char(34),",",char(34),"site",char(34),":",char(34),LOWER('2-Building'!$B$4),char(34),",",char(34),"name",char(34),":",char(34),LOWER(C56),char(34),"}}")) -> {"asset":{"guid":"uuid://6cfeb34e-8376-4f40-9777-f6f7b82d5ec0","site":"in-blr-ananta","name":"ddc-252"}} | S56: Eneffen | V56: 2.23 | W56: V3.4 | X56: 5.0.1 | Y56: BACnet IP | Z56: 14052 | AA56: 11501 | AE56: Corphosted | AF56: 5C:C2:13:05:DB:31 | AG56: =IFS(LEN(AF56)=17,LOWER('2-Building'!$B$4 & "-" & C56), AF56="N/A", "N/A", LEN(AF56)=0,"") -> in-blr-ananta-ddc-252 | AK56: 100.95.214.189 | AL56: 255.255.240.0 | AM56: None | AR56: Primary | AS56: BACnet,47808 | AT56: DDC-24 | AU56: Unicast | AV56: No | AW56: N/A | AX56: Gateway Device | AY56: Good | AZ56: Eneffen | BA56: 10 | BB56: Yes | BD56: Landlord | BE56: Basebuilder System and connected on Gen Network | BF56: =IFERROR(__xludf.DUMMYFUNCTION("LOWER(Regexreplace(to_text(E56),""[^A-Za-z0-9]"","""")&""_""&Regexreplace(to_text(F56),""[^A-Za-z0-9]"",""""))"),"sauter_eyrc504fxxx") -> sauter_eyrc504fxxx | BG56: =IFERROR(__xludf.DUMMYFUNCTION("upper(Regexreplace(to_text(E56),""[^A-Za-z0-9]"","""")&""-""&Regexreplace(to_text(F56),""[^A-Za-z0-9]"",""""))"),"SAUTER-EYRC504FXXX") -> SAUTER-EYRC504FXXX
A57: 53 | B57: Building Management System | C57: DDC-253 | D57: DDC-253 | E57: SAUTER | F57: EY-RC504FXXX | G57: Standard | H57: IP (Wired GEN BOS-IoT) | I57: DDC | J57: 3 | K57: 363 | L57: HVACCP-233 | M57: 411001239054 | N57: Active | O57: Yes | P57: =CONCATENATE("IN-BLR-ANANTA-",C57,"_",J57) -> IN-BLR-ANANTA-DDC-253_3 | Q57: uuid://0b31df4f-f5de-4da1-ba72-014a32c10a84 | R57: =IFS(C57="","",C57="n/a","N/A",LEN(C57),Concatenate("{",char(34),"asset",char(34),":{",char(34),"guid",char(34),":",char(34),Q57,char(34),",",char(34),"site",char(34),":",char(34),LOWER('2-Building'!$B$4),char(34),",",char(34),"name",char(34),":",char(34),LOWER(C57),char(34),"}}")) -> {"asset":{"guid":"uuid://0b31df4f-f5de-4da1-ba72-014a32c10a84","site":"in-blr-ananta","name":"ddc-253"}} | S57: Eneffen | V57: 2.23 | W57: V3.4 | X57: 5.0.1 | Y57: BACnet IP | Z57: 14053 | AA57: 11501 | AE57: Corphosted | AF57: 5C:C2:13:05:DB:96 | AG57: =IFS(LEN(AF57)=17,LOWER('2-Building'!$B$4 & "-" & C57), AF57="N/A", "N/A", LEN(AF57)=0,"") -> in-blr-ananta-ddc-253 | AK57: 100.95.214.212 | AL57: 255.255.240.0 | AM57: None | AR57: Primary | AS57: BACnet,47808 | AT57: DDC-24 | AU57: Unicast | AV57: No | AW57: N/A | AX57: Gateway Device | AY57: Good | AZ57: Eneffen | BA57: 10 | BB57: Yes | BD57: Landlord | BE57: Basebuilder System and connected on Gen Network | BF57: =IFERROR(__xludf.DUMMYFUNCTION("LOWER(Regexreplace(to_text(E57),""[^A-Za-z0-9]"","""")&""_""&Regexreplace(to_text(F57),""[^A-Za-z0-9]"",""""))"),"sauter_eyrc504fxxx") -> sauter_eyrc504fxxx | BG57: =IFERROR(__xludf.DUMMYFUNCTION("upper(Regexreplace(to_text(E57),""[^A-Za-z0-9]"","""")&""-""&Regexreplace(to_text(F57),""[^A-Za-z0-9]"",""""))"),"SAUTER-EYRC504FXXX") -> SAUTER-EYRC504FXXX
A58: 54 | B58: Building Management System | C58: DDC-254 | D58: DDC-254 | E58: SAUTER | F58: EY-RC504FXXX | G58: Standard | H58: IP (Wired GEN BOS-IoT) | I58: DDC | J58: 3 | K58: 375 | L58: HVACCP-234 | M58: 411001232026 | N58: Active | O58: Yes | P58: =CONCATENATE("IN-BLR-ANANTA-",C58,"_",J58) -> IN-BLR-ANANTA-DDC-254_3 | Q58: uuid://81a10447-3383-4f2c-abaa-026693916f9c | R58: =IFS(C58="","",C58="n/a","N/A",LEN(C58),Concatenate("{",char(34),"asset",char(34),":{",char(34),"guid",char(34),":",char(34),Q58,char(34),",",char(34),"site",char(34),":",char(34),LOWER('2-Building'!$B$4),char(34),",",char(34),"name",char(34),":",char(34),LOWER(C58),char(34),"}}")) -> {"asset":{"guid":"uuid://81a10447-3383-4f2c-abaa-026693916f9c","site":"in-blr-ananta","name":"ddc-254"}} | S58: Eneffen | V58: 2.23 | W58: V3.4 | X58: 5.0.1 | Y58: BACnet IP | Z58: 14054 | AA58: 11501 | AE58: Corphosted | AF58: 5C:C2:13:05:DB:E2 | AG58: =IFS(LEN(AF58)=17,LOWER('2-Building'!$B$4 & "-" & C58), AF58="N/A", "N/A", LEN(AF58)=0,"") -> in-blr-ananta-ddc-254 | AK58: 100.95.214.206 | AL58: 255.255.240.0 | AM58: None | AR58: Primary | AS58: BACnet,47808 | AT58: DDC-27 | AU58: Unicast | AV58: No | AW58: N/A | AX58: Gateway Device | AY58: Good | AZ58: Eneffen | BA58: 10 | BB58: Yes | BD58: Landlord | BE58: Basebuilder System and connected on Gen Network | BF58: =IFERROR(__xludf.DUMMYFUNCTION("LOWER(Regexreplace(to_text(E58),""[^A-Za-z0-9]"","""")&""_""&Regexreplace(to_text(F58),""[^A-Za-z0-9]"",""""))"),"sauter_eyrc504fxxx") -> sauter_eyrc504fxxx | BG58: =IFERROR(__xludf.DUMMYFUNCTION("upper(Regexreplace(to_text(E58),""[^A-Za-z0-9]"","""")&""-""&Regexreplace(to_text(F58),""[^A-Za-z0-9]"",""""))"),"SAUTER-EYRC504FXXX") -> SAUTER-EYRC504FXXX
A59: 55 | B59: Building Management System | C59: DDC-255 | D59: DDC-255 | E59: SAUTER | F59: EY-RC504FXXX | G59: Standard | H59: IP (Wired GEN BOS-IoT) | I59: DDC | J59: 3 | K59: 375 | L59: HVACCP-234 | M59: 411001239443 | N59: Active | O59: Yes | P59: =CONCATENATE("IN-BLR-ANANTA-",C59,"_",J59) -> IN-BLR-ANANTA-DDC-255_3 | Q59: uuid://ecef043a-a27b-43c6-8c23-ec1e8b8beb62 | R59: =IFS(C59="","",C59="n/a","N/A",LEN(C59),Concatenate("{",char(34),"asset",char(34),":{",char(34),"guid",char(34),":",char(34),Q59,char(34),",",char(34),"site",char(34),":",char(34),LOWER('2-Building'!$B$4),char(34),",",char(34),"name",char(34),":",char(34),LOWER(C59),char(34),"}}")) -> {"asset":{"guid":"uuid://ecef043a-a27b-43c6-8c23-ec1e8b8beb62","site":"in-blr-ananta","name":"ddc-255"}} | S59: Eneffen | V59: 2.23 | W59: V3.4 | X59: 5.0.1 | Y59: BACnet IP | Z59: 14055 | AA59: 11501 | AE59: Corphosted | AF59: 5C:C2:13:05:DC:17 | AG59: =IFS(LEN(AF59)=17,LOWER('2-Building'!$B$4 & "-" & C59), AF59="N/A", "N/A", LEN(AF59)=0,"") -> in-blr-ananta-ddc-255 | AK59: 100.95.214.151 | AL59: 255.255.240.0 | AM59: None | AR59: Primary | AS59: BACnet,47808 | AT59: DDC-27 | AU59: Unicast | AV59: No | AW59: N/A | AX59: Gateway Device | AY59: Good | AZ59: Eneffen | BA59: 10 | BB59: Yes | BD59: Landlord | BE59: Basebuilder System and connected on Gen Network | BF59: =IFERROR(__xludf.DUMMYFUNCTION("LOWER(Regexreplace(to_text(E59),""[^A-Za-z0-9]"","""")&""_""&Regexreplace(to_text(F59),""[^A-Za-z0-9]"",""""))"),"sauter_eyrc504fxxx") -> sauter_eyrc504fxxx | BG59: =IFERROR(__xludf.DUMMYFUNCTION("upper(Regexreplace(to_text(E59),""[^A-Za-z0-9]"","""")&""-""&Regexreplace(to_text(F59),""[^A-Za-z0-9]"",""""))"),"SAUTER-EYRC504FXXX") -> SAUTER-EYRC504FXXX
A60: 56 | B60: Building Management System | C60: DDC-256 | D60: DDC-256 | E60: SAUTER | F60: EY-RC504FXXX | G60: Standard | H60: IP (Wired GEN BOS-IoT) | I60: DDC | J60: 3 | K60: 319 | L60: HVACCP-235 | M60: 411001239352 | N60: Active | O60: Yes | P60: =CONCATENATE("IN-BLR-ANANTA-",C60,"_",J60) -> IN-BLR-ANANTA-DDC-256_3 | Q60: uuid://47210d86-3d08-4000-94f9-8312123f966f | R60: =IFS(C60="","",C60="n/a","N/A",LEN(C60),Concatenate("{",char(34),"asset",char(34),":{",char(34),"guid",char(34),":",char(34),Q60,char(34),",",char(34),"site",char(34),":",char(34),LOWER('2-Building'!$B$4),char(34),",",char(34),"name",char(34),":",char(34),LOWER(C60),char(34),"}}")) -> {"asset":{"guid":"uuid://47210d86-3d08-4000-94f9-8312123f966f","site":"in-blr-ananta","name":"ddc-256"}} | S60: Eneffen | V60: 2.23 | W60: V3.4 | X60: 5.0.1 | Y60: BACnet IP | Z60: 14056 | AA60: 11501 | AE60: Corphosted | AF60: 5C:C2:13:05:DC:41 | AG60: =IFS(LEN(AF60)=17,LOWER('2-Building'!$B$4 & "-" & C60), AF60="N/A", "N/A", LEN(AF60)=0,"") -> in-blr-ananta-ddc-256 | AK60: 100.95.214.236 | AL60: 255.255.240.0 | AM60: None | AR60: Primary | AS60: BACnet,47808 | AT60: DDC-25 | AU60: Unicast | AV60: No | AW60: N/A | AX60: Gateway Device | AY60: Good | AZ60: Eneffen | BA60: 10 | BB60: Yes | BD60: Landlord | BE60: Basebuilder System and connected on Gen Network | BF60: =IFERROR(__xludf.DUMMYFUNCTION("LOWER(Regexreplace(to_text(E60),""[^A-Za-z0-9]"","""")&""_""&Regexreplace(to_text(F60),""[^A-Za-z0-9]"",""""))"),"sauter_eyrc504fxxx") -> sauter_eyrc504fxxx | BG60: =IFERROR(__xludf.DUMMYFUNCTION("upper(Regexreplace(to_text(E60),""[^A-Za-z0-9]"","""")&""-""&Regexreplace(to_text(F60),""[^A-Za-z0-9]"",""""))"),"SAUTER-EYRC504FXXX") -> SAUTER-EYRC504FXXX
A61: 57 | B61: Building Management System | C61: DDC-257 | D61: DDC-257 | E61: SAUTER | F61: EY-RC504FXXX | G61: Standard | H61: IP (Wired GEN BOS-IoT) | I61: DDC | J61: 3 | K61: 319 | L61: HVACCP-235 | M61: 411001237770 | N61: Active | O61: Yes | P61: =CONCATENATE("IN-BLR-ANANTA-",C61,"_",J61) -> IN-BLR-ANANTA-DDC-257_3 | Q61: uuid://07d87fb9-30a0-42f7-8fdf-3e2a646e8eb4 | R61: =IFS(C61="","",C61="n/a","N/A",LEN(C61),Concatenate("{",char(34),"asset",char(34),":{",char(34),"guid",char(34),":",char(34),Q61,char(34),",",char(34),"site",char(34),":",char(34),LOWER('2-Building'!$B$4),char(34),",",char(34),"name",char(34),":",char(34),LOWER(C61),char(34),"}}")) -> {"asset":{"guid":"uuid://07d87fb9-30a0-42f7-8fdf-3e2a646e8eb4","site":"in-blr-ananta","name":"ddc-257"}} | S61: Eneffen | V61: 2.23 | W61: V3.4 | X61: 5.0.1 | Y61: BACnet IP | Z61: 14057 | AA61: 11501 | AE61: Corphosted | AF61: 5C:C2:13:05:DB:86 | AG61: =IFS(LEN(AF61)=17,LOWER('2-Building'!$B$4 & "-" & C61), AF61="N/A", "N/A", LEN(AF61)=0,"") -> in-blr-ananta-ddc-257 | AK61: 100.95.214.227 | AL61: 255.255.240.0 | AM61: None | AR61: Primary | AS61: BACnet,47808 | AT61: DDC-25 | AU61: Unicast | AV61: No | AW61: N/A | AX61: Gateway Device | AY61: Good | AZ61: Eneffen | BA61: 10 | BB61: Yes | BD61: Landlord | BE61: Basebuilder System and connected on Gen Network | BF61: =IFERROR(__xludf.DUMMYFUNCTION("LOWER(Regexreplace(to_text(E61),""[^A-Za-z0-9]"","""")&""_""&Regexreplace(to_text(F61),""[^A-Za-z0-9]"",""""))"),"sauter_eyrc504fxxx") -> sauter_eyrc504fxxx | BG61: =IFERROR(__xludf.DUMMYFUNCTION("upper(Regexreplace(to_text(E61),""[^A-Za-z0-9]"","""")&""-""&Regexreplace(to_text(F61),""[^A-Za-z0-9]"",""""))"),"SAUTER-EYRC504FXXX") -> SAUTER-EYRC504FXXX
A62: 58 | B62: Building Management System | C62: DDC-258 | D62: DDC-258 | E62: SAUTER | F62: EY-RC504FXXX | G62: Standard | H62: IP (Wired GEN BOS-IoT) | I62: DDC | J62: 3 | K62: 348 | L62: HVACCP-236 | M62: 411001235267 | N62: Active | O62: Yes | P62: =CONCATENATE("IN-BLR-ANANTA-",C62,"_",J62) -> IN-BLR-ANANTA-DDC-258_3 | Q62: uuid://22510830-fce1-4332-9b52-3b38d7b64e28 | R62: =IFS(C62="","",C62="n/a","N/A",LEN(C62),Concatenate("{",char(34),"asset",char(34),":{",char(34),"guid",char(34),":",char(34),Q62,char(34),",",char(34),"site",char(34),":",char(34),LOWER('2-Building'!$B$4),char(34),",",char(34),"name",char(34),":",char(34),LOWER(C62),char(34),"}}")) -> {"asset":{"guid":"uuid://22510830-fce1-4332-9b52-3b38d7b64e28","site":"in-blr-ananta","name":"ddc-258"}} | S62: Eneffen | V62: 2.23 | W62: V3.4 | X62: 5.0.1 | Y62: BACnet IP | Z62: 14058 | AA62: 11501 | AE62: Corphosted | AF62: 5C:C2:13:05:DB:DB | AG62: =IFS(LEN(AF62)=17,LOWER('2-Building'!$B$4 & "-" & C62), AF62="N/A", "N/A", LEN(AF62)=0,"") -> in-blr-ananta-ddc-258 | AK62: 100.95.214.175 | AL62: 255.255.240.0 | AM62: None | AR62: Primary | AS62: BACnet,47808 | AT62: DDC-26 | AU62: Unicast | AV62: No | AW62: N/A | AX62: Gateway Device | AY62: Good | AZ62: Eneffen | BA62: 10 | BB62: Yes | BD62: Landlord | BE62: Basebuilder System and connected on Gen Network | BF62: =IFERROR(__xludf.DUMMYFUNCTION("LOWER(Regexreplace(to_text(E62),""[^A-Za-z0-9]"","""")&""_""&Regexreplace(to_text(F62),""[^A-Za-z0-9]"",""""))"),"sauter_eyrc504fxxx") -> sauter_eyrc504fxxx | BG62: =IFERROR(__xludf.DUMMYFUNCTION("upper(Regexreplace(to_text(E62),""[^A-Za-z0-9]"","""")&""-""&Regexreplace(to_text(F62),""[^A-Za-z0-9]"",""""))"),"SAUTER-EYRC504FXXX") -> SAUTER-EYRC504FXXX
A63: 59 | B63: Building Management System | C63: DDC-259 | D63: DDC-259 | E63: SAUTER | F63: EY-RC504FXXX | G63: Standard | H63: IP (Wired GEN BOS-IoT) | I63: DDC | J63: 3 | K63: 348 | L63: HVACCP-236 | M63: 411001239357 | N63: Active | O63: Yes | P63: =CONCATENATE("IN-BLR-ANANTA-",C63,"_",J63) -> IN-BLR-ANANTA-DDC-259_3 | Q63: uuid://c8d27164-c995-4d38-b281-bdfb1cb5d8d3 | R63: =IFS(C63="","",C63="n/a","N/A",LEN(C63),Concatenate("{",char(34),"asset",char(34),":{",char(34),"guid",char(34),":",char(34),Q63,char(34),",",char(34),"site",char(34),":",char(34),LOWER('2-Building'!$B$4),char(34),",",char(34),"name",char(34),":",char(34),LOWER(C63),char(34),"}}")) -> {"asset":{"guid":"uuid://c8d27164-c995-4d38-b281-bdfb1cb5d8d3","site":"in-blr-ananta","name":"ddc-259"}} | S63: Eneffen | V63: 2.23 | W63: V3.4 | X63: 5.0.1 | Y63: BACnet IP | Z63: 14059 | AA63: 11501 | AE63: Corphosted | AF63: 5C:C2:13:05:DC:0C | AG63: =IFS(LEN(AF63)=17,LOWER('2-Building'!$B$4 & "-" & C63), AF63="N/A", "N/A", LEN(AF63)=0,"") -> in-blr-ananta-ddc-259 | AK63: 100.95.214.237 | AL63: 255.255.240.0 | AM63: None | AR63: Primary | AS63: BACnet,47808 | AT63: DDC-26 | AU63: Unicast | AV63: No | AW63: N/A | AX63: Gateway Device | AY63: Good | AZ63: Eneffen | BA63: 10 | BB63: Yes | BD63: Landlord | BE63: Basebuilder System and connected on Gen Network | BF63: =IFERROR(__xludf.DUMMYFUNCTION("LOWER(Regexreplace(to_text(E63),""[^A-Za-z0-9]"","""")&""_""&Regexreplace(to_text(F63),""[^A-Za-z0-9]"",""""))"),"sauter_eyrc504fxxx") -> sauter_eyrc504fxxx | BG63: =IFERROR(__xludf.DUMMYFUNCTION("upper(Regexreplace(to_text(E63),""[^A-Za-z0-9]"","""")&""-""&Regexreplace(to_text(F63),""[^A-Za-z0-9]"",""""))"),"SAUTER-EYRC504FXXX") -> SAUTER-EYRC504FXXX
A64: 60 | B64: Building Management System | C64: DDC-260 | D64: DDC-260 | E64: SAUTER | F64: EY-RC504FXXX | G64: Standard | H64: IP (Wired GEN BOS-IoT) | I64: DDC | J64: 3 | K64: 333 | L64: HVACCP-237 | M64: 411001239454 | N64: Active | O64: Yes | P64: =CONCATENATE("IN-BLR-ANANTA-",C64,"_",J64) -> IN-BLR-ANANTA-DDC-260_3 | Q64: uuid://8bcc9969-114e-4e38-91c8-dbb28ddbae8b | R64: =IFS(C64="","",C64="n/a","N/A",LEN(C64),Concatenate("{",char(34),"asset",char(34),":{",char(34),"guid",char(34),":",char(34),Q64,char(34),",",char(34),"site",char(34),":",char(34),LOWER('2-Building'!$B$4),char(34),",",char(34),"name",char(34),":",char(34),LOWER(C64),char(34),"}}")) -> {"asset":{"guid":"uuid://8bcc9969-114e-4e38-91c8-dbb28ddbae8b","site":"in-blr-ananta","name":"ddc-260"}} | S64: Eneffen | V64: 2.23 | W64: V3.4 | X64: 5.0.1 | Y64: BACnet IP | Z64: 14060 | AA64: 11501 | AE64: Corphosted | AF64: 5C:C2:13:05:DC:4E | AG64: =IFS(LEN(AF64)=17,LOWER('2-Building'!$B$4 & "-" & C64), AF64="N/A", "N/A", LEN(AF64)=0,"") -> in-blr-ananta-ddc-260 | AK64: 100.95.215.8 | AL64: 255.255.240.0 | AM64: None | AR64: Primary | AS64: BACnet,47808 | AT64: DDC-29 | AU64: Unicast | AV64: No | AW64: N/A | AX64: Gateway Device | AY64: Good | AZ64: Eneffen | BA64: 10 | BB64: Yes | BD64: Landlord | BE64: Basebuilder System and connected on Gen Network | BF64: =IFERROR(__xludf.DUMMYFUNCTION("LOWER(Regexreplace(to_text(E64),""[^A-Za-z0-9]"","""")&""_""&Regexreplace(to_text(F64),""[^A-Za-z0-9]"",""""))"),"sauter_eyrc504fxxx") -> sauter_eyrc504fxxx | BG64: =IFERROR(__xludf.DUMMYFUNCTION("upper(Regexreplace(to_text(E64),""[^A-Za-z0-9]"","""")&""-""&Regexreplace(to_text(F64),""[^A-Za-z0-9]"",""""))"),"SAUTER-EYRC504FXXX") -> SAUTER-EYRC504FXXX
A65: 61 | B65: Building Management System | C65: DDC-261 | D65: DDC-261 | E65: SAUTER | F65: EY-RC504FXXX | G65: Standard | H65: IP (Wired GEN BOS-IoT) | I65: DDC | J65: 3 | K65: 333 | L65: HVACCP-237 | M65: 411001239336 | N65: Active | O65: Yes | P65: =CONCATENATE("IN-BLR-ANANTA-",C65,"_",J65) -> IN-BLR-ANANTA-DDC-261_3 | Q65: uuid://d89c03d0-f3c9-4247-8e65-b536a94c651a | R65: =IFS(C65="","",C65="n/a","N/A",LEN(C65),Concatenate("{",char(34),"asset",char(34),":{",char(34),"guid",char(34),":",char(34),Q65,char(34),",",char(34),"site",char(34),":",char(34),LOWER('2-Building'!$B$4),char(34),",",char(34),"name",char(34),":",char(34),LOWER(C65),char(34),"}}")) -> {"asset":{"guid":"uuid://d89c03d0-f3c9-4247-8e65-b536a94c651a","site":"in-blr-ananta","name":"ddc-261"}} | S65: Eneffen | V65: 2.23 | W65: V3.4 | X65: 5.0.1 | Y65: BACnet IP | Z65: 14061 | AA65: 11501 | AE65: Corphosted | AF65: 5C:C2:13:05:DB:ED | AG65: =IFS(LEN(AF65)=17,LOWER('2-Building'!$B$4 & "-" & C65), AF65="N/A", "N/A", LEN(AF65)=0,"") -> in-blr-ananta-ddc-261 | AK65: 100.95.215.9 | AL65: 255.255.240.0 | AM65: None | AR65: Primary | AS65: BACnet,47808 | AT65: DDC-29 | AU65: Unicast | AV65: No | AW65: N/A | AX65: Gateway Device | AY65: Good | AZ65: Eneffen | BA65: 10 | BB65: Yes | BD65: Landlord | BE65: Basebuilder System and connected on Gen Network | BF65: =IFERROR(__xludf.DUMMYFUNCTION("LOWER(Regexreplace(to_text(E65),""[^A-Za-z0-9]"","""")&""_""&Regexreplace(to_text(F65),""[^A-Za-z0-9]"",""""))"),"sauter_eyrc504fxxx") -> sauter_eyrc504fxxx | BG65: =IFERROR(__xludf.DUMMYFUNCTION("upper(Regexreplace(to_text(E65),""[^A-Za-z0-9]"","""")&""-""&Regexreplace(to_text(F65),""[^A-Za-z0-9]"",""""))"),"SAUTER-EYRC504FXXX") -> SAUTER-EYRC504FXXX
A66: 62 | B66: Building Management System | C66: DDC-262 | D66: DDC-262 | E66: SAUTER | F66: EY-RC504FXXX | G66: Standard | H66: IP (Wired GEN BOS-IoT) | I66: DDC | J66: 3 | K66: 334 | L66: HVACCP-238 | M66: 411001239213 | N66: Active | O66: Yes | P66: =CONCATENATE("IN-BLR-ANANTA-",C66,"_",J66) -> IN-BLR-ANANTA-DDC-262_3 | Q66: uuid://a68b6eee-1ea8-414a-a5fa-6e2090c79dd3 | R66: =IFS(C66="","",C66="n/a","N/A",LEN(C66),Concatenate("{",char(34),"asset",char(34),":{",char(34),"guid",char(34),":",char(34),Q66,char(34),",",char(34),"site",char(34),":",char(34),LOWER('2-Building'!$B$4),char(34),",",char(34),"name",char(34),":",char(34),LOWER(C66),char(34),"}}")) -> {"asset":{"guid":"uuid://a68b6eee-1ea8-414a-a5fa-6e2090c79dd3","site":"in-blr-ananta","name":"ddc-262"}} | S66: Eneffen | V66: 2.23 | W66: V3.4 | X66: 5.0.1 | Y66: BACnet IP | Z66: 14062 | AA66: 11501 | AE66: Corphosted | AF66: 5C:C2:13:05:DB:F4 | AG66: =IFS(LEN(AF66)=17,LOWER('2-Building'!$B$4 & "-" & C66), AF66="N/A", "N/A", LEN(AF66)=0,"") -> in-blr-ananta-ddc-262 | AK66: 100.95.215.17 | AL66: 255.255.240.0 | AM66: None | AR66: Primary | AS66: BACnet,47808 | AT66: DDC-28 | AU66: Unicast | AV66: No | AW66: N/A | AX66: Gateway Device | AY66: Good | AZ66: Eneffen | BA66: 10 | BB66: Yes | BD66: Landlord | BE66: Basebuilder System and connected on Gen Network | BF66: =IFERROR(__xludf.DUMMYFUNCTION("LOWER(Regexreplace(to_text(E66),""[^A-Za-z0-9]"","""")&""_""&Regexreplace(to_text(F66),""[^A-Za-z0-9]"",""""))"),"sauter_eyrc504fxxx") -> sauter_eyrc504fxxx | BG66: =IFERROR(__xludf.DUMMYFUNCTION("upper(Regexreplace(to_text(E66),""[^A-Za-z0-9]"","""")&""-""&Regexreplace(to_text(F66),""[^A-Za-z0-9]"",""""))"),"SAUTER-EYRC504FXXX") -> SAUTER-EYRC504FXXX
A67: 63 | B67: Building Management System | C67: DDC-263 | D67: DDC-263 | E67: SAUTER | F67: EY-RC504FXXX | G67: Standard | H67: IP (Wired GEN BOS-IoT) | I67: DDC | J67: 3 | K67: 334 | L67: HVACCP-238 | M67: 411001235296 | N67: Active | O67: Yes | P67: =CONCATENATE("IN-BLR-ANANTA-",C67,"_",J67) -> IN-BLR-ANANTA-DDC-263_3 | Q67: uuid://136a6299-7bdf-4ca4-bf83-37707078dea5 | R67: =IFS(C67="","",C67="n/a","N/A",LEN(C67),Concatenate("{",char(34),"asset",char(34),":{",char(34),"guid",char(34),":",char(34),Q67,char(34),",",char(34),"site",char(34),":",char(34),LOWER('2-Building'!$B$4),char(34),",",char(34),"name",char(34),":",char(34),LOWER(C67),char(34),"}}")) -> {"asset":{"guid":"uuid://136a6299-7bdf-4ca4-bf83-37707078dea5","site":"in-blr-ananta","name":"ddc-263"}} | S67: Eneffen | V67: 2.23 | W67: V3.4 | X67: 5.0.1 | Y67: BACnet IP | Z67: 14063 | AA67: 11501 | AE67: Corphosted | AF67: 5C:C2:13:05:DD:44 | AG67: =IFS(LEN(AF67)=17,LOWER('2-Building'!$B$4 & "-" & C67), AF67="N/A", "N/A", LEN(AF67)=0,"") -> in-blr-ananta-ddc-263 | AK67: 100.95.215.27 | AL67: 255.255.240.0 | AM67: None | AR67: Primary | AS67: BACnet,47808 | AT67: DDC-28 | AU67: Unicast | AV67: No | AW67: N/A | AX67: Gateway Device | AY67: Good | AZ67: Eneffen | BA67: 10 | BB67: Yes | BD67: Landlord | BE67: Basebuilder System and connected on Gen Network | BF67: =IFERROR(__xludf.DUMMYFUNCTION("LOWER(Regexreplace(to_text(E67),""[^A-Za-z0-9]"","""")&""_""&Regexreplace(to_text(F67),""[^A-Za-z0-9]"",""""))"),"sauter_eyrc504fxxx") -> sauter_eyrc504fxxx | BG67: =IFERROR(__xludf.DUMMYFUNCTION("upper(Regexreplace(to_text(E67),""[^A-Za-z0-9]"","""")&""-""&Regexreplace(to_text(F67),""[^A-Za-z0-9]"",""""))"),"SAUTER-EYRC504FXXX") -> SAUTER-EYRC504FXXX
A68: 64 | B68: Building Management System | C68: DDC-264 | D68: DDC-264 | E68: SAUTER | F68: EY-RC504FXXX | G68: Standard | H68: IP (Wired GEN BOS-IoT) | I68: DDC | J68: 4 | K68: 4C35 | L68: HVACCP-239 | M68: 411001235493 | N68: Active | O68: Yes | P68: =CONCATENATE("IN-BLR-ANANTA-",C68,"_",J68) -> IN-BLR-ANANTA-DDC-264_4 | Q68: uuid://47187648-2fb9-4564-a350-07c59a16c12c | R68: =IFS(C68="","",C68="n/a","N/A",LEN(C68),Concatenate("{",char(34),"asset",char(34),":{",char(34),"guid",char(34),":",char(34),Q68,char(34),",",char(34),"site",char(34),":",char(34),LOWER('2-Building'!$B$4),char(34),",",char(34),"name",char(34),":",char(34),LOWER(C68),char(34),"}}")) -> {"asset":{"guid":"uuid://47187648-2fb9-4564-a350-07c59a16c12c","site":"in-blr-ananta","name":"ddc-264"}} | S68: Eneffen | V68: 2.23 | W68: V3.4 | X68: 5.0.1 | Y68: BACnet IP | Z68: 14064 | AA68: 11501 | AE68: Corphosted | AF68: 5C:C2:13:05:DD:9E | AG68: =IFS(LEN(AF68)=17,LOWER('2-Building'!$B$4 & "-" & C68), AF68="N/A", "N/A", LEN(AF68)=0,"") -> in-blr-ananta-ddc-264 | AK68: 100.95.215.69 | AL68: 255.255.240.0 | AM68: None | AR68: Primary | AS68: BACnet,47808 | AT68: DDC-30 | AU68: Unicast | AV68: No | AW68: N/A | AX68: Gateway Device | AY68: Good | AZ68: Eneffen | BA68: 10 | BB68: Yes | BD68: Landlord | BE68: Basebuilder System and connected on Gen Network | BF68: =IFERROR(__xludf.DUMMYFUNCTION("LOWER(Regexreplace(to_text(E68),""[^A-Za-z0-9]"","""")&""_""&Regexreplace(to_text(F68),""[^A-Za-z0-9]"",""""))"),"sauter_eyrc504fxxx") -> sauter_eyrc504fxxx | BG68: =IFERROR(__xludf.DUMMYFUNCTION("upper(Regexreplace(to_text(E68),""[^A-Za-z0-9]"","""")&""-""&Regexreplace(to_text(F68),""[^A-Za-z0-9]"",""""))"),"SAUTER-EYRC504FXXX") -> SAUTER-EYRC504FXXX
A69: 65 | B69: Building Management System | C69: DDC-265 | D69: DDC-265 | E69: SAUTER | F69: EY-RC504FXXX | G69: Standard | H69: IP (Wired GEN BOS-IoT) | I69: DDC | J69: 4 | K69: 4C35 | L69: HVACCP-239 | M69: 411001239359 | N69: Active | O69: Yes | P69: =CONCATENATE("IN-BLR-ANANTA-",C69,"_",J69) -> IN-BLR-ANANTA-DDC-265_4 | Q69: uuid://7a4ce1f1-7138-4e76-bbe4-ca4f52cd1976 | R69: =IFS(C69="","",C69="n/a","N/A",LEN(C69),Concatenate("{",char(34),"asset",char(34),":{",char(34),"guid",char(34),":",char(34),Q69,char(34),",",char(34),"site",char(34),":",char(34),LOWER('2-Building'!$B$4),char(34),",",char(34),"name",char(34),":",char(34),LOWER(C69),char(34),"}}")) -> {"asset":{"guid":"uuid://7a4ce1f1-7138-4e76-bbe4-ca4f52cd1976","site":"in-blr-ananta","name":"ddc-265"}} | S69: Eneffen | V69: 2.23 | W69: V3.4 | X69: 5.0.1 | Y69: BACnet IP | Z69: 14065 | AA69: 11501 | AE69: Corphosted | AF69: 5C:C2:13:05:DC:24 | AG69: =IFS(LEN(AF69)=17,LOWER('2-Building'!$B$4 & "-" & C69), AF69="N/A", "N/A", LEN(AF69)=0,"") -> in-blr-ananta-ddc-265 | AK69: 100.95.215.28 | AL69: 255.255.240.0 | AM69: None | AR69: Primary | AS69: BACnet,47808 | AT69: DDC-30 | AU69: Unicast | AV69: No | AW69: N/A | AX69: Gateway Device | AY69: Good | AZ69: Eneffen | BA69: 10 | BB69: Yes | BD69: Landlord | BE69: Basebuilder System and connected on Gen Network | BF69: =IFERROR(__xludf.DUMMYFUNCTION("LOWER(Regexreplace(to_text(E69),""[^A-Za-z0-9]"","""")&""_""&Regexreplace(to_text(F69),""[^A-Za-z0-9]"",""""))"),"sauter_eyrc504fxxx") -> sauter_eyrc504fxxx | BG69: =IFERROR(__xludf.DUMMYFUNCTION("upper(Regexreplace(to_text(E69),""[^A-Za-z0-9]"","""")&""-""&Regexreplace(to_text(F69),""[^A-Za-z0-9]"",""""))"),"SAUTER-EYRC504FXXX") -> SAUTER-EYRC504FXXX
A70: 66 | B70: Building Management System | C70: DDC-266 | D70: DDC-266 | E70: SAUTER | F70: EY-RC504FXXX | G70: Standard | H70: IP (Wired GEN BOS-IoT) | I70: DDC | J70: 4 | K70: 475 | L70: HVACCP-240 | M70: 411001235209 | N70: Active | O70: Yes | P70: =CONCATENATE("IN-BLR-ANANTA-",C70,"_",J70) -> IN-BLR-ANANTA-DDC-266_4 | Q70: uuid://07d958f7-cd31-4b95-9605-bfbef9ea298a | R70: =IFS(C70="","",C70="n/a","N/A",LEN(C70),Concatenate("{",char(34),"asset",char(34),":{",char(34),"guid",char(34),":",char(34),Q70,char(34),",",char(34),"site",char(34),":",char(34),LOWER('2-Building'!$B$4),char(34),",",char(34),"name",char(34),":",char(34),LOWER(C70),char(34),"}}")) -> {"asset":{"guid":"uuid://07d958f7-cd31-4b95-9605-bfbef9ea298a","site":"in-blr-ananta","name":"ddc-266"}} | S70: Eneffen | V70: 2.23 | W70: V3.4 | X70: 5.0.1 | Y70: BACnet IP | Z70: 14066 | AA70: 11501 | AE70: Corphosted | AF70: 5C:C2:13:05:DB:D0 | AG70: =IFS(LEN(AF70)=17,LOWER('2-Building'!$B$4 & "-" & C70), AF70="N/A", "N/A", LEN(AF70)=0,"") -> in-blr-ananta-ddc-266 | AK70: 100.95.215.76 | AL70: 255.255.240.0 | AM70: None | AR70: Primary | AS70: BACnet,47808 | AT70: DDC-33 | AU70: Unicast | AV70: No | AW70: N/A | AX70: Gateway Device | AY70: Good | AZ70: Eneffen | BA70: 10 | BB70: Yes | BD70: Landlord | BE70: Basebuilder System and connected on Gen Network | BF70: =IFERROR(__xludf.DUMMYFUNCTION("LOWER(Regexreplace(to_text(E70),""[^A-Za-z0-9]"","""")&""_""&Regexreplace(to_text(F70),""[^A-Za-z0-9]"",""""))"),"sauter_eyrc504fxxx") -> sauter_eyrc504fxxx | BG70: =IFERROR(__xludf.DUMMYFUNCTION("upper(Regexreplace(to_text(E70),""[^A-Za-z0-9]"","""")&""-""&Regexreplace(to_text(F70),""[^A-Za-z0-9]"",""""))"),"SAUTER-EYRC504FXXX") -> SAUTER-EYRC504FXXX
A71: 67 | B71: Building Management System | C71: DDC-267 | D71: DDC-267 | E71: SAUTER | F71: EY-RC504FXXX | G71: Standard | H71: IP (Wired GEN BOS-IoT) | I71: DDC | J71: 4 | K71: 475 | L71: HVACCP-240 | M71: 411001235620 | N71: Active | O71: Yes | P71: =CONCATENATE("IN-BLR-ANANTA-",C71,"_",J71) -> IN-BLR-ANANTA-DDC-267_4 | Q71: uuid://8a5154e3-d8e4-4658-ad8b-b1df5e8c998c | R71: =IFS(C71="","",C71="n/a","N/A",LEN(C71),Concatenate("{",char(34),"asset",char(34),":{",char(34),"guid",char(34),":",char(34),Q71,char(34),",",char(34),"site",char(34),":",char(34),LOWER('2-Building'!$B$4),char(34),",",char(34),"name",char(34),":",char(34),LOWER(C71),char(34),"}}")) -> {"asset":{"guid":"uuid://8a5154e3-d8e4-4658-ad8b-b1df5e8c998c","site":"in-blr-ananta","name":"ddc-267"}} | S71: Eneffen | V71: 2.23 | W71: V3.4 | X71: 5.0.1 | Y71: BACnet IP | Z71: 14067 | AA71: 11501 | AE71: Corphosted | AF71: 5C:C2:13:05:DD:CF | AG71: =IFS(LEN(AF71)=17,LOWER('2-Building'!$B$4 & "-" & C71), AF71="N/A", "N/A", LEN(AF71)=0,"") -> in-blr-ananta-ddc-267 | AK71: 100.95.215.42 | AL71: 255.255.240.0 | AM71: None | AR71: Primary | AS71: BACnet,47808 | AT71: DDC-33 | AU71: Unicast | AV71: No | AW71: N/A | AX71: Gateway Device | AY71: Good | AZ71: Eneffen | BA71: 10 | BB71: Yes | BD71: Landlord | BE71: Basebuilder System and connected on Gen Network | BF71: =IFERROR(__xludf.DUMMYFUNCTION("LOWER(Regexreplace(to_text(E71),""[^A-Za-z0-9]"","""")&""_""&Regexreplace(to_text(F71),""[^A-Za-z0-9]"",""""))"),"sauter_eyrc504fxxx") -> sauter_eyrc504fxxx | BG71: =IFERROR(__xludf.DUMMYFUNCTION("upper(Regexreplace(to_text(E71),""[^A-Za-z0-9]"","""")&""-""&Regexreplace(to_text(F71),""[^A-Za-z0-9]"",""""))"),"SAUTER-EYRC504FXXX") -> SAUTER-EYRC504FXXX
A72: 68 | B72: Building Management System | C72: DDC-268 | D72: DDC-268 | E72: SAUTER | F72: EY-RC504FXXX | G72: Standard | H72: IP (Wired GEN BOS-IoT) | I72: DDC | J72: 4 | K72: 419 | L72: HVACCP-241 | M72: 411001239190 | N72: Active | O72: Yes | P72: =CONCATENATE("IN-BLR-ANANTA-",C72,"_",J72) -> IN-BLR-ANANTA-DDC-268_4 | Q72: uuid://d3f236b0-8e0c-436e-8546-463da225e9df | R72: =IFS(C72="","",C72="n/a","N/A",LEN(C72),Concatenate("{",char(34),"asset",char(34),":{",char(34),"guid",char(34),":",char(34),Q72,char(34),",",char(34),"site",char(34),":",char(34),LOWER('2-Building'!$B$4),char(34),",",char(34),"name",char(34),":",char(34),LOWER(C72),char(34),"}}")) -> {"asset":{"guid":"uuid://d3f236b0-8e0c-436e-8546-463da225e9df","site":"in-blr-ananta","name":"ddc-268"}} | S72: Eneffen | V72: 2.23 | W72: V3.4 | X72: 5.0.1 | Y72: BACnet IP | Z72: 14068 | AA72: 11501 | AE72: Corphosted | AF72: 5C:C2:13:05:DC:29 | AG72: =IFS(LEN(AF72)=17,LOWER('2-Building'!$B$4 & "-" & C72), AF72="N/A", "N/A", LEN(AF72)=0,"") -> in-blr-ananta-ddc-268 | AK72: 100.95.215.44 | AL72: 255.255.240.0 | AM72: None | AR72: Primary | AS72: BACnet,47808 | AT72: DDC-31 | AU72: Unicast | AV72: No | AW72: N/A | AX72: Gateway Device | AY72: Good | AZ72: Eneffen | BA72: 10 | BB72: Yes | BD72: Landlord | BE72: Basebuilder System and connected on Gen Network | BF72: =IFERROR(__xludf.DUMMYFUNCTION("LOWER(Regexreplace(to_text(E72),""[^A-Za-z0-9]"","""")&""_""&Regexreplace(to_text(F72),""[^A-Za-z0-9]"",""""))"),"sauter_eyrc504fxxx") -> sauter_eyrc504fxxx | BG72: =IFERROR(__xludf.DUMMYFUNCTION("upper(Regexreplace(to_text(E72),""[^A-Za-z0-9]"","""")&""-""&Regexreplace(to_text(F72),""[^A-Za-z0-9]"",""""))"),"SAUTER-EYRC504FXXX") -> SAUTER-EYRC504FXXX
A73: 69 | B73: Building Management System | C73: DDC-269 | D73: DDC-269 | E73: SAUTER | F73: EY-RC504FXXX | G73: Standard | H73: IP (Wired GEN BOS-IoT) | I73: DDC | J73: 4 | K73: 419 | L73: HVACCP-241 | M73: 411001238990 | N73: Active | O73: Yes | P73: =CONCATENATE("IN-BLR-ANANTA-",C73,"_",J73) -> IN-BLR-ANANTA-DDC-269_4 | Q73: uuid://6a9aef26-53ee-4ee6-bcb2-7e0cdf74b204 | R73: =IFS(C73="","",C73="n/a","N/A",LEN(C73),Concatenate("{",char(34),"asset",char(34),":{",char(34),"guid",char(34),":",char(34),Q73,char(34),",",char(34),"site",char(34),":",char(34),LOWER('2-Building'!$B$4),char(34),",",char(34),"name",char(34),":",char(34),LOWER(C73),char(34),"}}")) -> {"asset":{"guid":"uuid://6a9aef26-53ee-4ee6-bcb2-7e0cdf74b204","site":"in-blr-ananta","name":"ddc-269"}} | S73: Eneffen | V73: 2.23 | W73: V3.4 | X73: 5.0.1 | Y73: BACnet IP | Z73: 14069 | AA73: 11501 | AE73: Corphosted | AF73: 5C:C2:13:05:DB:E0 | AG73: =IFS(LEN(AF73)=17,LOWER('2-Building'!$B$4 & "-" & C73), AF73="N/A", "N/A", LEN(AF73)=0,"") -> in-blr-ananta-ddc-269 | AK73: 100.95.215.79 | AL73: 255.255.240.0 | AM73: None | AR73: Primary | AS73: BACnet,47808 | AT73: DDC-31 | AU73: Unicast | AV73: No | AW73: N/A | AX73: Gateway Device | AY73: Good | AZ73: Eneffen | BA73: 10 | BB73: Yes | BD73: Landlord | BE73: Basebuilder System and connected on Gen Network | BF73: =IFERROR(__xludf.DUMMYFUNCTION("LOWER(Regexreplace(to_text(E73),""[^A-Za-z0-9]"","""")&""_""&Regexreplace(to_text(F73),""[^A-Za-z0-9]"",""""))"),"sauter_eyrc504fxxx") -> sauter_eyrc504fxxx | BG73: =IFERROR(__xludf.DUMMYFUNCTION("upper(Regexreplace(to_text(E73),""[^A-Za-z0-9]"","""")&""-""&Regexreplace(to_text(F73),""[^A-Za-z0-9]"",""""))"),"SAUTER-EYRC504FXXX") -> SAUTER-EYRC504FXXX
A74: 70 | B74: Building Management System | C74: DDC-270 | D74: DDC-270 | E74: SAUTER | F74: EY-RC504FXXX | G74: Standard | H74: IP (Wired GEN BOS-IoT) | I74: DDC | J74: 4 | K74: 448 | L74: HVACCP-242 | M74: 411001235504 | N74: Active | O74: Yes | P74: =CONCATENATE("IN-BLR-ANANTA-",C74,"_",J74) -> IN-BLR-ANANTA-DDC-270_4 | Q74: uuid://76ae0373-95a5-4f8e-86c9-7fba87b03f73 | R74: =IFS(C74="","",C74="n/a","N/A",LEN(C74),Concatenate("{",char(34),"asset",char(34),":{",char(34),"guid",char(34),":",char(34),Q74,char(34),",",char(34),"site",char(34),":",char(34),LOWER('2-Building'!$B$4),char(34),",",char(34),"name",char(34),":",char(34),LOWER(C74),char(34),"}}")) -> {"asset":{"guid":"uuid://76ae0373-95a5-4f8e-86c9-7fba87b03f73","site":"in-blr-ananta","name":"ddc-270"}} | S74: Eneffen | V74: 2.23 | W74: V3.4 | X74: 5.0.1 | Y74: BACnet IP | Z74: 14070 | AA74: 11501 | AE74: Corphosted | AF74: 5C:C2:13:05:DB:8F | AG74: =IFS(LEN(AF74)=17,LOWER('2-Building'!$B$4 & "-" & C74), AF74="N/A", "N/A", LEN(AF74)=0,"") -> in-blr-ananta-ddc-270 | AK74: 100.95.215.70 | AL74: 255.255.240.0 | AM74: None | AR74: Primary | AS74: BACnet,47808 | AT74: DDC-32 | AU74: Unicast | AV74: No | AW74: N/A | AX74: Gateway Device | AY74: Good | AZ74: Eneffen | BA74: 10 | BB74: Yes | BD74: Landlord | BE74: Basebuilder System and connected on Gen Network | BF74: =IFERROR(__xludf.DUMMYFUNCTION("LOWER(Regexreplace(to_text(E74),""[^A-Za-z0-9]"","""")&""_""&Regexreplace(to_text(F74),""[^A-Za-z0-9]"",""""))"),"sauter_eyrc504fxxx") -> sauter_eyrc504fxxx | BG74: =IFERROR(__xludf.DUMMYFUNCTION("upper(Regexreplace(to_text(E74),""[^A-Za-z0-9]"","""")&""-""&Regexreplace(to_text(F74),""[^A-Za-z0-9]"",""""))"),"SAUTER-EYRC504FXXX") -> SAUTER-EYRC504FXXX
A75: 71 | B75: Building Management System | C75: DDC-271 | D75: DDC-271 | E75: SAUTER | F75: EY-RC504FXXX | G75: Standard | H75: IP (Wired GEN BOS-IoT) | I75: DDC | J75: 4 | K75: 448 | L75: HVACCP-242 | M75: 411001235014 | N75: Active | O75: Yes | P75: =CONCATENATE("IN-BLR-ANANTA-",C75,"_",J75) -> IN-BLR-ANANTA-DDC-271_4 | Q75: uuid://ea13530e-dd64-4119-8ce2-a30ae9a2ee53 | R75: =IFS(C75="","",C75="n/a","N/A",LEN(C75),Concatenate("{",char(34),"asset",char(34),":{",char(34),"guid",char(34),":",char(34),Q75,char(34),",",char(34),"site",char(34),":",char(34),LOWER('2-Building'!$B$4),char(34),",",char(34),"name",char(34),":",char(34),LOWER(C75),char(34),"}}")) -> {"asset":{"guid":"uuid://ea13530e-dd64-4119-8ce2-a30ae9a2ee53","site":"in-blr-ananta","name":"ddc-271"}} | S75: Eneffen | V75: 2.23 | W75: V3.4 | X75: 5.0.1 | Y75: BACnet IP | Z75: 14071 | AA75: 11501 | AE75: Corphosted | AF75: 5C:C2:13:05:DB:E3 | AG75: =IFS(LEN(AF75)=17,LOWER('2-Building'!$B$4 & "-" & C75), AF75="N/A", "N/A", LEN(AF75)=0,"") -> in-blr-ananta-ddc-271 | AK75: 100.95.215.80 | AL75: 255.255.240.0 | AM75: None | AR75: Primary | AS75: BACnet,47808 | AT75: DDC-32 | AU75: Unicast | AV75: No | AW75: N/A | AX75: Gateway Device | AY75: Good | AZ75: Eneffen | BA75: 10 | BB75: Yes | BD75: Landlord | BE75: Basebuilder System and connected on Gen Network | BF75: =IFERROR(__xludf.DUMMYFUNCTION("LOWER(Regexreplace(to_text(E75),""[^A-Za-z0-9]"","""")&""_""&Regexreplace(to_text(F75),""[^A-Za-z0-9]"",""""))"),"sauter_eyrc504fxxx") -> sauter_eyrc504fxxx | BG75: =IFERROR(__xludf.DUMMYFUNCTION("upper(Regexreplace(to_text(E75),""[^A-Za-z0-9]"","""")&""-""&Regexreplace(to_text(F75),""[^A-Za-z0-9]"",""""))"),"SAUTER-EYRC504FXXX") -> SAUTER-EYRC504FXXX
A76: 72 | B76: Building Management System | C76: DDC-272 | D76: DDC-272 | E76: SAUTER | F76: EY-RC504FXXX | G76: Standard | H76: IP (Wired GEN BOS-IoT) | I76: DDC | J76: 4 | K76: 433 | L76: HVACCP-243 | M76: 411001235495 | N76: Active | O76: Yes | P76: =CONCATENATE("IN-BLR-ANANTA-",C76,"_",J76) -> IN-BLR-ANANTA-DDC-272_4 | Q76: uuid://8c3e5d58-636d-45ed-a59a-41a2426c8fc9 | R76: =IFS(C76="","",C76="n/a","N/A",LEN(C76),Concatenate("{",char(34),"asset",char(34),":{",char(34),"guid",char(34),":",char(34),Q76,char(34),",",char(34),"site",char(34),":",char(34),LOWER('2-Building'!$B$4),char(34),",",char(34),"name",char(34),":",char(34),LOWER(C76),char(34),"}}")) -> {"asset":{"guid":"uuid://8c3e5d58-636d-45ed-a59a-41a2426c8fc9","site":"in-blr-ananta","name":"ddc-272"}} | S76: Eneffen | V76: 2.23 | W76: V3.4 | X76: 5.0.1 | Y76: BACnet IP | Z76: 14072 | AA76: 11501 | AE76: Corphosted | AF76: 5C:C2:13:05:DD:57 | AG76: =IFS(LEN(AF76)=17,LOWER('2-Building'!$B$4 & "-" & C76), AF76="N/A", "N/A", LEN(AF76)=0,"") -> in-blr-ananta-ddc-272 | AK76: 100.95.215.83 | AL76: 255.255.240.0 | AM76: None | AR76: Primary | AS76: BACnet,47808 | AT76: DDC-34 | AU76: Unicast | AV76: No | AW76: N/A | AX76: Gateway Device | AY76: Good | AZ76: Eneffen | BA76: 10 | BB76: Yes | BD76: Landlord | BE76: Basebuilder System and connected on Gen Network | BF76: =IFERROR(__xludf.DUMMYFUNCTION("LOWER(Regexreplace(to_text(E76),""[^A-Za-z0-9]"","""")&""_""&Regexreplace(to_text(F76),""[^A-Za-z0-9]"",""""))"),"sauter_eyrc504fxxx") -> sauter_eyrc504fxxx | BG76: =IFERROR(__xludf.DUMMYFUNCTION("upper(Regexreplace(to_text(E76),""[^A-Za-z0-9]"","""")&""-""&Regexreplace(to_text(F76),""[^A-Za-z0-9]"",""""))"),"SAUTER-EYRC504FXXX") -> SAUTER-EYRC504FXXX
A77: 73 | B77: Building Management System | C77: DDC-273 | D77: DDC-273 | E77: SAUTER | F77: EY-RC504FXXX | G77: Standard | H77: IP (Wired GEN BOS-IoT) | I77: DDC | J77: 4 | K77: 433 | L77: HVACCP-243 | M77: 411001239378 | N77: Active | O77: Yes | P77: =CONCATENATE("IN-BLR-ANANTA-",C77,"_",J77) -> IN-BLR-ANANTA-DDC-273_4 | Q77: uuid://698191b9-41a8-4702-aa5b-c2610c7616ee | R77: =IFS(C77="","",C77="n/a","N/A",LEN(C77),Concatenate("{",char(34),"asset",char(34),":{",char(34),"guid",char(34),":",char(34),Q77,char(34),",",char(34),"site",char(34),":",char(34),LOWER('2-Building'!$B$4),char(34),",",char(34),"name",char(34),":",char(34),LOWER(C77),char(34),"}}")) -> {"asset":{"guid":"uuid://698191b9-41a8-4702-aa5b-c2610c7616ee","site":"in-blr-ananta","name":"ddc-273"}} | S77: Eneffen | V77: 2.23 | W77: V3.4 | X77: 5.0.1 | Y77: BACnet IP | Z77: 14073 | AA77: 11501 | AE77: Corphosted | AF77: 5C:C2:13:05:DB:E9 | AG77: =IFS(LEN(AF77)=17,LOWER('2-Building'!$B$4 & "-" & C77), AF77="N/A", "N/A", LEN(AF77)=0,"") -> in-blr-ananta-ddc-273 | AK77: 100.95.215.77 | AL77: 255.255.240.0 | AM77: None | AR77: Primary | AS77: BACnet,47808 | AT77: DDC-34 | AU77: Unicast | AV77: No | AW77: N/A | AX77: Gateway Device | AY77: Good | AZ77: Eneffen | BA77: 10 | BB77: Yes | BD77: Landlord | BE77: Basebuilder System and connected on Gen Network | BF77: =IFERROR(__xludf.DUMMYFUNCTION("LOWER(Regexreplace(to_text(E77),""[^A-Za-z0-9]"","""")&""_""&Regexreplace(to_text(F77),""[^A-Za-z0-9]"",""""))"),"sauter_eyrc504fxxx") -> sauter_eyrc504fxxx | BG77: =IFERROR(__xludf.DUMMYFUNCTION("upper(Regexreplace(to_text(E77),""[^A-Za-z0-9]"","""")&""-""&Regexreplace(to_text(F77),""[^A-Za-z0-9]"",""""))"),"SAUTER-EYRC504FXXX") -> SAUTER-EYRC504FXXX
A78: 74 | B78: Building Management System | C78: DDC-274 | D78: DDC-274 | E78: SAUTER | F78: EY-RC504FXXX | G78: Standard | H78: IP (Wired GEN BOS-IoT) | I78: DDC | J78: 4 | K78: 434 | L78: HVACCP-244 | M78: 411001235320 | N78: Active | O78: Yes | P78: =CONCATENATE("IN-BLR-ANANTA-",C78,"_",J78) -> IN-BLR-ANANTA-DDC-274_4 | Q78: uuid://5336fbc0-cc3f-4819-a418-dda066fbea00 | R78: =IFS(C78="","",C78="n/a","N/A",LEN(C78),Concatenate("{",char(34),"asset",char(34),":{",char(34),"guid",char(34),":",char(34),Q78,char(34),",",char(34),"site",char(34),":",char(34),LOWER('2-Building'!$B$4),char(34),",",char(34),"name",char(34),":",char(34),LOWER(C78),char(34),"}}")) -> {"asset":{"guid":"uuid://5336fbc0-cc3f-4819-a418-dda066fbea00","site":"in-blr-ananta","name":"ddc-274"}} | S78: Eneffen | V78: 2.23 | W78: V3.4 | X78: 5.0.1 | Y78: BACnet IP | Z78: 14074 | AA78: 11501 | AE78: Corphosted | AF78: 5C:C2:13:05:DD:AA | AG78: =IFS(LEN(AF78)=17,LOWER('2-Building'!$B$4 & "-" & C78), AF78="N/A", "N/A", LEN(AF78)=0,"") -> in-blr-ananta-ddc-274 | AK78: 100.95.215.105 | AL78: 255.255.240.0 | AM78: None | AR78: Primary | AS78: BACnet,47808 | AT78: DDC-35 | AU78: Unicast | AV78: No | AW78: N/A | AX78: Gateway Device | AY78: Good | AZ78: Eneffen | BA78: 10 | BB78: Yes | BD78: Landlord | BE78: Basebuilder System and connected on Gen Network | BF78: =IFERROR(__xludf.DUMMYFUNCTION("LOWER(Regexreplace(to_text(E78),""[^A-Za-z0-9]"","""")&""_""&Regexreplace(to_text(F78),""[^A-Za-z0-9]"",""""))"),"sauter_eyrc504fxxx") -> sauter_eyrc504fxxx | BG78: =IFERROR(__xludf.DUMMYFUNCTION("upper(Regexreplace(to_text(E78),""[^A-Za-z0-9]"","""")&""-""&Regexreplace(to_text(F78),""[^A-Za-z0-9]"",""""))"),"SAUTER-EYRC504FXXX") -> SAUTER-EYRC504FXXX
A79: 75 | B79: Building Management System | C79: DDC-275 | D79: DDC-275 | E79: SAUTER | F79: EY-RC504FXXX | G79: Standard | H79: IP (Wired GEN BOS-IoT) | I79: DDC | J79: 4 | K79: 434 | L79: HVACCP-244 | M79: 411001239140 | N79: Active | O79: Yes | P79: =CONCATENATE("IN-BLR-ANANTA-",C79,"_",J79) -> IN-BLR-ANANTA-DDC-275_4 | Q79: uuid://49fb5711-3a68-4a63-bec9-18b1b3d71fef | R79: =IFS(C79="","",C79="n/a","N/A",LEN(C79),Concatenate("{",char(34),"asset",char(34),":{",char(34),"guid",char(34),":",char(34),Q79,char(34),",",char(34),"site",char(34),":",char(34),LOWER('2-Building'!$B$4),char(34),",",char(34),"name",char(34),":",char(34),LOWER(C79),char(34),"}}")) -> {"asset":{"guid":"uuid://49fb5711-3a68-4a63-bec9-18b1b3d71fef","site":"in-blr-ananta","name":"ddc-275"}} | S79: Eneffen | V79: 2.23 | W79: V3.4 | X79: 5.0.1 | Y79: BACnet IP | Z79: 14075 | AA79: 11501 | AE79: Corphosted | AF79: 5C:C2:13:05:DB:85 | AG79: =IFS(LEN(AF79)=17,LOWER('2-Building'!$B$4 & "-" & C79), AF79="N/A", "N/A", LEN(AF79)=0,"") -> in-blr-ananta-ddc-275 | AK79: 100.95.215.67 | AL79: 255.255.240.0 | AM79: None | AR79: Primary | AS79: BACnet,47808 | AT79: DDC-35 | AU79: Unicast | AV79: No | AW79: N/A | AX79: Gateway Device | AY79: Good | AZ79: Eneffen | BA79: 10 | BB79: Yes | BD79: Landlord | BE79: Basebuilder System and connected on Gen Network | BF79: =IFERROR(__xludf.DUMMYFUNCTION("LOWER(Regexreplace(to_text(E79),""[^A-Za-z0-9]"","""")&""_""&Regexreplace(to_text(F79),""[^A-Za-z0-9]"",""""))"),"sauter_eyrc504fxxx") -> sauter_eyrc504fxxx | BG79: =IFERROR(__xludf.DUMMYFUNCTION("upper(Regexreplace(to_text(E79),""[^A-Za-z0-9]"","""")&""-""&Regexreplace(to_text(F79),""[^A-Za-z0-9]"",""""))"),"SAUTER-EYRC504FXXX") -> SAUTER-EYRC504FXXX
A80: 76 | B80: Building Management System | C80: DDC-276 | D80: DDC-276 | E80: SAUTER | F80: EY-RC504FXXX | G80: Standard | H80: IP (Wired GEN BOS-IoT) | I80: DDC | J80: 5 | K80: 563 | L80: HVACCP-245 | M80: 411001239391 | N80: Active | O80: Yes | P80: =CONCATENATE("IN-BLR-ANANTA-",C80,"_",J80) -> IN-BLR-ANANTA-DDC-276_5 | Q80: uuid://85875265-f491-46cd-a16f-096bfe0f5285 | R80: =IFS(C80="","",C80="n/a","N/A",LEN(C80),Concatenate("{",char(34),"asset",char(34),":{",char(34),"guid",char(34),":",char(34),Q80,char(34),",",char(34),"site",char(34),":",char(34),LOWER('2-Building'!$B$4),char(34),",",char(34),"name",char(34),":",char(34),LOWER(C80),char(34),"}}")) -> {"asset":{"guid":"uuid://85875265-f491-46cd-a16f-096bfe0f5285","site":"in-blr-ananta","name":"ddc-276"}} | S80: Eneffen | V80: 2.23 | W80: V3.4 | X80: 5.0.1 | Y80: BACnet IP | Z80: 14076 | AA80: 11501 | AE80: Corphosted | AF80: 5C:C2:13:05:DC:DE | AG80: =IFS(LEN(AF80)=17,LOWER('2-Building'!$B$4 & "-" & C80), AF80="N/A", "N/A", LEN(AF80)=0,"") -> in-blr-ananta-ddc-276 | AK80: 100.95.215.98 | AL80: 255.255.240.0 | AM80: None | AR80: Primary | AS80: BACnet,47808 | AT80: DDC-36 | AU80: Unicast | AV80: No | AW80: N/A | AX80: Gateway Device | AY80: Good | AZ80: Eneffen | BA80: 10 | BB80: Yes | BD80: Landlord | BE80: Basebuilder System and connected on Gen Network | BF80: =IFERROR(__xludf.DUMMYFUNCTION("LOWER(Regexreplace(to_text(E80),""[^A-Za-z0-9]"","""")&""_""&Regexreplace(to_text(F80),""[^A-Za-z0-9]"",""""))"),"sauter_eyrc504fxxx") -> sauter_eyrc504fxxx | BG80: =IFERROR(__xludf.DUMMYFUNCTION("upper(Regexreplace(to_text(E80),""[^A-Za-z0-9]"","""")&""-""&Regexreplace(to_text(F80),""[^A-Za-z0-9]"",""""))"),"SAUTER-EYRC504FXXX") -> SAUTER-EYRC504FXXX
A81: 77 | B81: Building Management System | C81: DDC-277 | D81: DDC-277 | E81: SAUTER | F81: EY-RC504FXXX | G81: Standard | H81: IP (Wired GEN BOS-IoT) | I81: DDC | J81: 5 | K81: 563 | L81: HVACCP-245 | M81: 411001235523 | N81: Active | O81: Yes | P81: =CONCATENATE("IN-BLR-ANANTA-",C81,"_",J81) -> IN-BLR-ANANTA-DDC-277_5 | Q81: uuid://a2269f35-0398-4634-9006-53398ca4f712 | R81: =IFS(C81="","",C81="n/a","N/A",LEN(C81),Concatenate("{",char(34),"asset",char(34),":{",char(34),"guid",char(34),":",char(34),Q81,char(34),",",char(34),"site",char(34),":",char(34),LOWER('2-Building'!$B$4),char(34),",",char(34),"name",char(34),":",char(34),LOWER(C81),char(34),"}}")) -> {"asset":{"guid":"uuid://a2269f35-0398-4634-9006-53398ca4f712","site":"in-blr-ananta","name":"ddc-277"}} | S81: Eneffen | V81: 2.23 | W81: V3.4 | X81: 5.0.1 | Y81: BACnet IP | Z81: 14077 | AA81: 11501 | AE81: Corphosted | AF81: 5C:C2:13:05:DC:43 | AG81: =IFS(LEN(AF81)=17,LOWER('2-Building'!$B$4 & "-" & C81), AF81="N/A", "N/A", LEN(AF81)=0,"") -> in-blr-ananta-ddc-277 | AK81: 100.95.214.211 | AL81: 255.255.240.0 | AM81: None | AR81: Primary | AS81: BACnet,47808 | AT81: DDC-36 | AU81: Unicast | AV81: No | AW81: N/A | AX81: Gateway Device | AY81: Good | AZ81: Eneffen | BA81: 10 | BB81: Yes | BD81: Landlord | BE81: Basebuilder System and connected on Gen Network | BF81: =IFERROR(__xludf.DUMMYFUNCTION("LOWER(Regexreplace(to_text(E81),""[^A-Za-z0-9]"","""")&""_""&Regexreplace(to_text(F81),""[^A-Za-z0-9]"",""""))"),"sauter_eyrc504fxxx") -> sauter_eyrc504fxxx | BG81: =IFERROR(__xludf.DUMMYFUNCTION("upper(Regexreplace(to_text(E81),""[^A-Za-z0-9]"","""")&""-""&Regexreplace(to_text(F81),""[^A-Za-z0-9]"",""""))"),"SAUTER-EYRC504FXXX") -> SAUTER-EYRC504FXXX
A82: 78 | B82: Building Management System | C82: DDC-278 | D82: DDC-278 | E82: SAUTER | F82: EY-RC504FXXX | G82: Standard | H82: IP (Wired GEN BOS-IoT) | I82: DDC | J82: 5 | K82: 575 | L82: HVACCP-246 | M82: 411001239053 | N82: Active | O82: Yes | P82: =CONCATENATE("IN-BLR-ANANTA-",C82,"_",J82) -> IN-BLR-ANANTA-DDC-278_5 | Q82: uuid://cc3b7ff9-5634-4512-92f2-86e15329efeb | R82: =IFS(C82="","",C82="n/a","N/A",LEN(C82),Concatenate("{",char(34),"asset",char(34),":{",char(34),"guid",char(34),":",char(34),Q82,char(34),",",char(34),"site",char(34),":",char(34),LOWER('2-Building'!$B$4),char(34),",",char(34),"name",char(34),":",char(34),LOWER(C82),char(34),"}}")) -> {"asset":{"guid":"uuid://cc3b7ff9-5634-4512-92f2-86e15329efeb","site":"in-blr-ananta","name":"ddc-278"}} | S82: Eneffen | V82: 2.23 | W82: V3.4 | X82: 5.0.1 | Y82: BACnet IP | Z82: 14078 | AA82: 11501 | AE82: Corphosted | AF82: 5C:C2:13:05:DB:E8 | AG82: =IFS(LEN(AF82)=17,LOWER('2-Building'!$B$4 & "-" & C82), AF82="N/A", "N/A", LEN(AF82)=0,"") -> in-blr-ananta-ddc-278 | AK82: 100.95.215.189 | AL82: 255.255.240.0 | AM82: None | AR82: Primary | AS82: BACnet,47808 | AT82: DDC-39 | AU82: Unicast | AV82: No | AW82: N/A | AX82: Gateway Device | AY82: Good | AZ82: Eneffen | BA82: 10 | BB82: Yes | BD82: Landlord | BE82: Basebuilder System and connected on Gen Network | BF82: =IFERROR(__xludf.DUMMYFUNCTION("LOWER(Regexreplace(to_text(E82),""[^A-Za-z0-9]"","""")&""_""&Regexreplace(to_text(F82),""[^A-Za-z0-9]"",""""))"),"sauter_eyrc504fxxx") -> sauter_eyrc504fxxx | BG82: =IFERROR(__xludf.DUMMYFUNCTION("upper(Regexreplace(to_text(E82),""[^A-Za-z0-9]"","""")&""-""&Regexreplace(to_text(F82),""[^A-Za-z0-9]"",""""))"),"SAUTER-EYRC504FXXX") -> SAUTER-EYRC504FXXX
A83: 79 | B83: Building Management System | C83: DDC-279 | D83: DDC-279 | E83: SAUTER | F83: EY-RC504FXXX | G83: Standard | H83: IP (Wired GEN BOS-IoT) | I83: DDC | J83: 5 | K83: 575 | L83: HVACCP-246 | M83: 411001235302 | N83: Active | O83: Yes | P83: =CONCATENATE("IN-BLR-ANANTA-",C83,"_",J83) -> IN-BLR-ANANTA-DDC-279_5 | Q83: uuid://9bfc7b15-dcca-4180-b845-3f0d15558ca1 | R83: =IFS(C83="","",C83="n/a","N/A",LEN(C83),Concatenate("{",char(34),"asset",char(34),":{",char(34),"guid",char(34),":",char(34),Q83,char(34),",",char(34),"site",char(34),":",char(34),LOWER('2-Building'!$B$4),char(34),",",char(34),"name",char(34),":",char(34),LOWER(C83),char(34),"}}")) -> {"asset":{"guid":"uuid://9bfc7b15-dcca-4180-b845-3f0d15558ca1","site":"in-blr-ananta","name":"ddc-279"}} | S83: Eneffen | V83: 2.23 | W83: V3.4 | X83: 5.0.1 | Y83: BACnet IP | Z83: 14079 | AA83: 11501 | AE83: Corphosted | AF83: 5C:C2:13:05:DA:4A | AG83: =IFS(LEN(AF83)=17,LOWER('2-Building'!$B$4 & "-" & C83), AF83="N/A", "N/A", LEN(AF83)=0,"") -> in-blr-ananta-ddc-279 | AK83: 100.95.214.213 | AL83: 255.255.240.0 | AM83: None | AR83: Primary | AS83: BACnet,47808 | AT83: DDC-39 | AU83: Unicast | AV83: No | AW83: N/A | AX83: Gateway Device | AY83: Good | AZ83: Eneffen | BA83: 10 | BB83: Yes | BD83: Landlord | BE83: Basebuilder System and connected on Gen Network | BF83: =IFERROR(__xludf.DUMMYFUNCTION("LOWER(Regexreplace(to_text(E83),""[^A-Za-z0-9]"","""")&""_""&Regexreplace(to_text(F83),""[^A-Za-z0-9]"",""""))"),"sauter_eyrc504fxxx") -> sauter_eyrc504fxxx | BG83: =IFERROR(__xludf.DUMMYFUNCTION("upper(Regexreplace(to_text(E83),""[^A-Za-z0-9]"","""")&""-""&Regexreplace(to_text(F83),""[^A-Za-z0-9]"",""""))"),"SAUTER-EYRC504FXXX") -> SAUTER-EYRC504FXXX
A84: 80 | B84: Building Management System | C84: DDC-280 | D84: DDC-280 | E84: SAUTER | F84: EY-RC504FXXX | G84: Standard | H84: IP (Wired GEN BOS-IoT) | I84: DDC | J84: 5 | K84: 519 | L84: HVACCP-247 | M84: 411001239209 | N84: Active | O84: Yes | P84: =CONCATENATE("IN-BLR-ANANTA-",C84,"_",J84) -> IN-BLR-ANANTA-DDC-280_5 | Q84: uuid://66fc23e4-c8e2-4e81-b9fb-d9f68d36a9a5 | R84: =IFS(C84="","",C84="n/a","N/A",LEN(C84),Concatenate("{",char(34),"asset",char(34),":{",char(34),"guid",char(34),":",char(34),Q84,char(34),",",char(34),"site",char(34),":",char(34),LOWER('2-Building'!$B$4),char(34),",",char(34),"name",char(34),":",char(34),LOWER(C84),char(34),"}}")) -> {"asset":{"guid":"uuid://66fc23e4-c8e2-4e81-b9fb-d9f68d36a9a5","site":"in-blr-ananta","name":"ddc-280"}} | S84: Eneffen | V84: 2.23 | W84: V3.4 | X84: 5.0.1 | Y84: BACnet IP | Z84: 14080 | AA84: 11501 | AE84: Corphosted | AF84: 5C:C2:13:05:DC:45 | AG84: =IFS(LEN(AF84)=17,LOWER('2-Building'!$B$4 & "-" & C84), AF84="N/A", "N/A", LEN(AF84)=0,"") -> in-blr-ananta-ddc-280 | AK84: 100.95.214.201 | AL84: 255.255.240.0 | AM84: None | AR84: Primary | AS84: BACnet,47808 | AT84: DDC-37 | AU84: Unicast | AV84: No | AW84: N/A | AX84: Gateway Device | AY84: Good | AZ84: Eneffen | BA84: 10 | BB84: Yes | BD84: Landlord | BE84: Basebuilder System and connected on Gen Network | BF84: =IFERROR(__xludf.DUMMYFUNCTION("LOWER(Regexreplace(to_text(E84),""[^A-Za-z0-9]"","""")&""_""&Regexreplace(to_text(F84),""[^A-Za-z0-9]"",""""))"),"sauter_eyrc504fxxx") -> sauter_eyrc504fxxx | BG84: =IFERROR(__xludf.DUMMYFUNCTION("upper(Regexreplace(to_text(E84),""[^A-Za-z0-9]"","""")&""-""&Regexreplace(to_text(F84),""[^A-Za-z0-9]"",""""))"),"SAUTER-EYRC504FXXX") -> SAUTER-EYRC504FXXX
A85: 81 | B85: Building Management System | C85: DDC-281 | D85: DDC-281 | E85: SAUTER | F85: EY-RC504FXXX | G85: Standard | H85: IP (Wired GEN BOS-IoT) | I85: DDC | J85: 5 | K85: 519 | L85: HVACCP-247 | M85: 411001237690 | N85: Active | O85: Yes | P85: =CONCATENATE("IN-BLR-ANANTA-",C85,"_",J85) -> IN-BLR-ANANTA-DDC-281_5 | Q85: uuid://5602d62a-9586-4ac0-a305-856cf2957dc3 | R85: =IFS(C85="","",C85="n/a","N/A",LEN(C85),Concatenate("{",char(34),"asset",char(34),":{",char(34),"guid",char(34),":",char(34),Q85,char(34),",",char(34),"site",char(34),":",char(34),LOWER('2-Building'!$B$4),char(34),",",char(34),"name",char(34),":",char(34),LOWER(C85),char(34),"}}")) -> {"asset":{"guid":"uuid://5602d62a-9586-4ac0-a305-856cf2957dc3","site":"in-blr-ananta","name":"ddc-281"}} | S85: Eneffen | V85: 2.23 | W85: V3.4 | X85: 5.0.1 | Y85: BACnet IP | Z85: 14081 | AA85: 11501 | AE85: Corphosted | AF85: 5C:C2:13:05:DB:87 | AG85: =IFS(LEN(AF85)=17,LOWER('2-Building'!$B$4 & "-" & C85), AF85="N/A", "N/A", LEN(AF85)=0,"") -> in-blr-ananta-ddc-281 | AK85: 100.95.214.202 | AL85: 255.255.240.0 | AM85: None | AR85: Primary | AS85: BACnet,47808 | AT85: DDC-37 | AU85: Unicast | AV85: No | AW85: N/A | AX85: Gateway Device | AY85: Good | AZ85: Eneffen | BA85: 10 | BB85: Yes | BD85: Landlord | BE85: Basebuilder System and connected on Gen Network | BF85: =IFERROR(__xludf.DUMMYFUNCTION("LOWER(Regexreplace(to_text(E85),""[^A-Za-z0-9]"","""")&""_""&Regexreplace(to_text(F85),""[^A-Za-z0-9]"",""""))"),"sauter_eyrc504fxxx") -> sauter_eyrc504fxxx | BG85: =IFERROR(__xludf.DUMMYFUNCTION("upper(Regexreplace(to_text(E85),""[^A-Za-z0-9]"","""")&""-""&Regexreplace(to_text(F85),""[^A-Za-z0-9]"",""""))"),"SAUTER-EYRC504FXXX") -> SAUTER-EYRC504FXXX
